[2025-08-30T14:23:51.304+0000] {processor.py:161} INFO - Started process (PID=177) to work on /opt/airflow/dags/ml_pipeline_dag.py
[2025-08-30T14:23:51.305+0000] {processor.py:830} INFO - Processing file /opt/airflow/dags/ml_pipeline_dag.py for tasks to queue
[2025-08-30T14:23:51.307+0000] {logging_mixin.py:188} INFO - [2025-08-30T14:23:51.306+0000] {dagbag.py:545} INFO - Filling up the DagBag from /opt/airflow/dags/ml_pipeline_dag.py
[2025-08-30T14:23:51.342+0000] {processor.py:840} INFO - DAG(s) 'ml_pipeline_dag' retrieved from /opt/airflow/dags/ml_pipeline_dag.py
[2025-08-30T14:23:51.507+0000] {logging_mixin.py:188} INFO - [2025-08-30T14:23:51.507+0000] {override.py:1858} INFO - Created Permission View: can delete on DAG:ml_pipeline_dag
[2025-08-30T14:23:51.514+0000] {logging_mixin.py:188} INFO - [2025-08-30T14:23:51.513+0000] {override.py:1858} INFO - Created Permission View: can edit on DAG:ml_pipeline_dag
[2025-08-30T14:23:51.518+0000] {logging_mixin.py:188} INFO - [2025-08-30T14:23:51.518+0000] {override.py:1858} INFO - Created Permission View: can read on DAG:ml_pipeline_dag
[2025-08-30T14:23:51.519+0000] {logging_mixin.py:188} INFO - [2025-08-30T14:23:51.519+0000] {dag.py:3089} INFO - Sync 1 DAGs
[2025-08-30T14:23:51.527+0000] {logging_mixin.py:188} INFO - [2025-08-30T14:23:51.527+0000] {dag.py:3111} INFO - Creating ORM DAG for ml_pipeline_dag
[2025-08-30T14:23:51.528+0000] {logging_mixin.py:188} INFO - [2025-08-30T14:23:51.528+0000] {dag.py:3947} INFO - Setting next_dagrun for ml_pipeline_dag to None, run_after=None
[2025-08-30T14:23:51.544+0000] {processor.py:183} INFO - Processing /opt/airflow/dags/ml_pipeline_dag.py took 0.245 seconds
[2025-08-30T14:24:22.148+0000] {processor.py:161} INFO - Started process (PID=182) to work on /opt/airflow/dags/ml_pipeline_dag.py
[2025-08-30T14:24:22.150+0000] {processor.py:830} INFO - Processing file /opt/airflow/dags/ml_pipeline_dag.py for tasks to queue
[2025-08-30T14:24:22.152+0000] {logging_mixin.py:188} INFO - [2025-08-30T14:24:22.151+0000] {dagbag.py:545} INFO - Filling up the DagBag from /opt/airflow/dags/ml_pipeline_dag.py
[2025-08-30T14:24:22.169+0000] {processor.py:840} INFO - DAG(s) 'ml_pipeline_dag' retrieved from /opt/airflow/dags/ml_pipeline_dag.py
[2025-08-30T14:24:22.196+0000] {logging_mixin.py:188} INFO - [2025-08-30T14:24:22.196+0000] {dag.py:3089} INFO - Sync 1 DAGs
[2025-08-30T14:24:22.207+0000] {logging_mixin.py:188} INFO - [2025-08-30T14:24:22.207+0000] {dag.py:3947} INFO - Setting next_dagrun for ml_pipeline_dag to None, run_after=None
[2025-08-30T14:24:22.223+0000] {processor.py:183} INFO - Processing /opt/airflow/dags/ml_pipeline_dag.py took 0.080 seconds
[2025-08-30T14:24:53.026+0000] {processor.py:161} INFO - Started process (PID=187) to work on /opt/airflow/dags/ml_pipeline_dag.py
[2025-08-30T14:24:53.028+0000] {processor.py:830} INFO - Processing file /opt/airflow/dags/ml_pipeline_dag.py for tasks to queue
[2025-08-30T14:24:53.030+0000] {logging_mixin.py:188} INFO - [2025-08-30T14:24:53.029+0000] {dagbag.py:545} INFO - Filling up the DagBag from /opt/airflow/dags/ml_pipeline_dag.py
[2025-08-30T14:24:53.058+0000] {processor.py:840} INFO - DAG(s) 'ml_pipeline_dag' retrieved from /opt/airflow/dags/ml_pipeline_dag.py
[2025-08-30T14:24:53.082+0000] {logging_mixin.py:188} INFO - [2025-08-30T14:24:53.082+0000] {dag.py:3089} INFO - Sync 1 DAGs
[2025-08-30T14:24:53.091+0000] {logging_mixin.py:188} INFO - [2025-08-30T14:24:53.091+0000] {dag.py:3947} INFO - Setting next_dagrun for ml_pipeline_dag to None, run_after=None
[2025-08-30T14:24:53.112+0000] {processor.py:183} INFO - Processing /opt/airflow/dags/ml_pipeline_dag.py took 0.090 seconds
[2025-08-30T14:25:24.802+0000] {processor.py:161} INFO - Started process (PID=172) to work on /opt/airflow/dags/ml_pipeline_dag.py
[2025-08-30T14:25:24.803+0000] {processor.py:830} INFO - Processing file /opt/airflow/dags/ml_pipeline_dag.py for tasks to queue
[2025-08-30T14:25:24.805+0000] {logging_mixin.py:188} INFO - [2025-08-30T14:25:24.804+0000] {dagbag.py:545} INFO - Filling up the DagBag from /opt/airflow/dags/ml_pipeline_dag.py
[2025-08-30T14:25:24.820+0000] {processor.py:840} INFO - DAG(s) 'ml_pipeline_dag' retrieved from /opt/airflow/dags/ml_pipeline_dag.py
[2025-08-30T14:25:24.853+0000] {logging_mixin.py:188} INFO - [2025-08-30T14:25:24.853+0000] {dag.py:3089} INFO - Sync 1 DAGs
[2025-08-30T14:25:24.862+0000] {logging_mixin.py:188} INFO - [2025-08-30T14:25:24.862+0000] {dag.py:3947} INFO - Setting next_dagrun for ml_pipeline_dag to None, run_after=None
[2025-08-30T14:25:24.879+0000] {processor.py:183} INFO - Processing /opt/airflow/dags/ml_pipeline_dag.py took 0.081 seconds
[2025-08-30T14:25:55.694+0000] {processor.py:161} INFO - Started process (PID=183) to work on /opt/airflow/dags/ml_pipeline_dag.py
[2025-08-30T14:25:55.695+0000] {processor.py:830} INFO - Processing file /opt/airflow/dags/ml_pipeline_dag.py for tasks to queue
[2025-08-30T14:25:55.697+0000] {logging_mixin.py:188} INFO - [2025-08-30T14:25:55.697+0000] {dagbag.py:545} INFO - Filling up the DagBag from /opt/airflow/dags/ml_pipeline_dag.py
[2025-08-30T14:25:55.720+0000] {processor.py:840} INFO - DAG(s) 'ml_pipeline_dag' retrieved from /opt/airflow/dags/ml_pipeline_dag.py
[2025-08-30T14:25:55.753+0000] {logging_mixin.py:188} INFO - [2025-08-30T14:25:55.753+0000] {dag.py:3089} INFO - Sync 1 DAGs
[2025-08-30T14:25:55.767+0000] {logging_mixin.py:188} INFO - [2025-08-30T14:25:55.767+0000] {dag.py:3947} INFO - Setting next_dagrun for ml_pipeline_dag to None, run_after=None
[2025-08-30T14:25:55.786+0000] {processor.py:183} INFO - Processing /opt/airflow/dags/ml_pipeline_dag.py took 0.099 seconds
[2025-08-30T14:26:26.658+0000] {processor.py:161} INFO - Started process (PID=188) to work on /opt/airflow/dags/ml_pipeline_dag.py
[2025-08-30T14:26:26.659+0000] {processor.py:830} INFO - Processing file /opt/airflow/dags/ml_pipeline_dag.py for tasks to queue
[2025-08-30T14:26:26.661+0000] {logging_mixin.py:188} INFO - [2025-08-30T14:26:26.660+0000] {dagbag.py:545} INFO - Filling up the DagBag from /opt/airflow/dags/ml_pipeline_dag.py
[2025-08-30T14:26:26.684+0000] {processor.py:840} INFO - DAG(s) 'ml_pipeline_dag' retrieved from /opt/airflow/dags/ml_pipeline_dag.py
[2025-08-30T14:26:26.713+0000] {logging_mixin.py:188} INFO - [2025-08-30T14:26:26.713+0000] {dag.py:3089} INFO - Sync 1 DAGs
[2025-08-30T14:26:26.725+0000] {logging_mixin.py:188} INFO - [2025-08-30T14:26:26.724+0000] {dag.py:3947} INFO - Setting next_dagrun for ml_pipeline_dag to None, run_after=None
[2025-08-30T14:26:26.742+0000] {processor.py:183} INFO - Processing /opt/airflow/dags/ml_pipeline_dag.py took 0.090 seconds
[2025-08-30T14:26:57.533+0000] {processor.py:161} INFO - Started process (PID=193) to work on /opt/airflow/dags/ml_pipeline_dag.py
[2025-08-30T14:26:57.534+0000] {processor.py:830} INFO - Processing file /opt/airflow/dags/ml_pipeline_dag.py for tasks to queue
[2025-08-30T14:26:57.535+0000] {logging_mixin.py:188} INFO - [2025-08-30T14:26:57.535+0000] {dagbag.py:545} INFO - Filling up the DagBag from /opt/airflow/dags/ml_pipeline_dag.py
[2025-08-30T14:26:57.554+0000] {processor.py:840} INFO - DAG(s) 'ml_pipeline_dag' retrieved from /opt/airflow/dags/ml_pipeline_dag.py
[2025-08-30T14:26:57.581+0000] {logging_mixin.py:188} INFO - [2025-08-30T14:26:57.580+0000] {dag.py:3089} INFO - Sync 1 DAGs
[2025-08-30T14:26:57.591+0000] {logging_mixin.py:188} INFO - [2025-08-30T14:26:57.591+0000] {dag.py:3947} INFO - Setting next_dagrun for ml_pipeline_dag to None, run_after=None
[2025-08-30T14:26:57.610+0000] {processor.py:183} INFO - Processing /opt/airflow/dags/ml_pipeline_dag.py took 0.083 seconds
[2025-08-30T14:27:30.454+0000] {processor.py:161} INFO - Started process (PID=198) to work on /opt/airflow/dags/ml_pipeline_dag.py
[2025-08-30T14:27:30.454+0000] {processor.py:830} INFO - Processing file /opt/airflow/dags/ml_pipeline_dag.py for tasks to queue
[2025-08-30T14:27:30.456+0000] {logging_mixin.py:188} INFO - [2025-08-30T14:27:30.456+0000] {dagbag.py:545} INFO - Filling up the DagBag from /opt/airflow/dags/ml_pipeline_dag.py
[2025-08-30T14:27:30.478+0000] {processor.py:840} INFO - DAG(s) 'ml_pipeline_dag' retrieved from /opt/airflow/dags/ml_pipeline_dag.py
[2025-08-30T14:27:30.501+0000] {logging_mixin.py:188} INFO - [2025-08-30T14:27:30.501+0000] {dag.py:3089} INFO - Sync 1 DAGs
[2025-08-30T14:27:30.510+0000] {logging_mixin.py:188} INFO - [2025-08-30T14:27:30.510+0000] {dag.py:3947} INFO - Setting next_dagrun for ml_pipeline_dag to None, run_after=None
[2025-08-30T14:27:30.528+0000] {processor.py:183} INFO - Processing /opt/airflow/dags/ml_pipeline_dag.py took 0.078 seconds
[2025-08-30T14:27:34.513+0000] {processor.py:161} INFO - Started process (PID=203) to work on /opt/airflow/dags/ml_pipeline_dag.py
[2025-08-30T14:27:34.513+0000] {processor.py:830} INFO - Processing file /opt/airflow/dags/ml_pipeline_dag.py for tasks to queue
[2025-08-30T14:27:34.515+0000] {logging_mixin.py:188} INFO - [2025-08-30T14:27:34.515+0000] {dagbag.py:545} INFO - Filling up the DagBag from /opt/airflow/dags/ml_pipeline_dag.py
[2025-08-30T14:27:34.543+0000] {processor.py:840} INFO - DAG(s) 'ml_pipeline_dag' retrieved from /opt/airflow/dags/ml_pipeline_dag.py
[2025-08-30T14:27:34.621+0000] {logging_mixin.py:188} INFO - [2025-08-30T14:27:34.620+0000] {dag.py:3089} INFO - Sync 1 DAGs
[2025-08-30T14:27:34.634+0000] {logging_mixin.py:188} INFO - [2025-08-30T14:27:34.633+0000] {dag.py:3947} INFO - Setting next_dagrun for ml_pipeline_dag to 2025-08-17 00:00:00+00:00, run_after=2025-08-24 00:00:00+00:00
[2025-08-30T14:27:34.655+0000] {processor.py:183} INFO - Processing /opt/airflow/dags/ml_pipeline_dag.py took 0.147 seconds
[2025-08-30T14:28:05.434+0000] {processor.py:161} INFO - Started process (PID=214) to work on /opt/airflow/dags/ml_pipeline_dag.py
[2025-08-30T14:28:05.435+0000] {processor.py:830} INFO - Processing file /opt/airflow/dags/ml_pipeline_dag.py for tasks to queue
[2025-08-30T14:28:05.436+0000] {logging_mixin.py:188} INFO - [2025-08-30T14:28:05.436+0000] {dagbag.py:545} INFO - Filling up the DagBag from /opt/airflow/dags/ml_pipeline_dag.py
[2025-08-30T14:28:05.452+0000] {processor.py:840} INFO - DAG(s) 'ml_pipeline_dag' retrieved from /opt/airflow/dags/ml_pipeline_dag.py
[2025-08-30T14:28:05.474+0000] {logging_mixin.py:188} INFO - [2025-08-30T14:28:05.474+0000] {dag.py:3089} INFO - Sync 1 DAGs
[2025-08-30T14:28:05.490+0000] {logging_mixin.py:188} INFO - [2025-08-30T14:28:05.490+0000] {dag.py:3947} INFO - Setting next_dagrun for ml_pipeline_dag to 2025-08-17 00:00:00+00:00, run_after=2025-08-24 00:00:00+00:00
[2025-08-30T14:28:05.508+0000] {processor.py:183} INFO - Processing /opt/airflow/dags/ml_pipeline_dag.py took 0.079 seconds
[2025-08-30T14:28:36.402+0000] {processor.py:161} INFO - Started process (PID=219) to work on /opt/airflow/dags/ml_pipeline_dag.py
[2025-08-30T14:28:36.404+0000] {processor.py:830} INFO - Processing file /opt/airflow/dags/ml_pipeline_dag.py for tasks to queue
[2025-08-30T14:28:36.405+0000] {logging_mixin.py:188} INFO - [2025-08-30T14:28:36.405+0000] {dagbag.py:545} INFO - Filling up the DagBag from /opt/airflow/dags/ml_pipeline_dag.py
[2025-08-30T14:28:36.423+0000] {processor.py:840} INFO - DAG(s) 'ml_pipeline_dag' retrieved from /opt/airflow/dags/ml_pipeline_dag.py
[2025-08-30T14:28:36.448+0000] {logging_mixin.py:188} INFO - [2025-08-30T14:28:36.448+0000] {dag.py:3089} INFO - Sync 1 DAGs
[2025-08-30T14:28:36.466+0000] {logging_mixin.py:188} INFO - [2025-08-30T14:28:36.466+0000] {dag.py:3947} INFO - Setting next_dagrun for ml_pipeline_dag to 2025-08-17 00:00:00+00:00, run_after=2025-08-24 00:00:00+00:00
[2025-08-30T14:28:36.483+0000] {processor.py:183} INFO - Processing /opt/airflow/dags/ml_pipeline_dag.py took 0.085 seconds
[2025-08-30T14:29:08.311+0000] {processor.py:161} INFO - Started process (PID=224) to work on /opt/airflow/dags/ml_pipeline_dag.py
[2025-08-30T14:29:08.312+0000] {processor.py:830} INFO - Processing file /opt/airflow/dags/ml_pipeline_dag.py for tasks to queue
[2025-08-30T14:29:08.314+0000] {logging_mixin.py:188} INFO - [2025-08-30T14:29:08.313+0000] {dagbag.py:545} INFO - Filling up the DagBag from /opt/airflow/dags/ml_pipeline_dag.py
[2025-08-30T14:29:08.328+0000] {processor.py:840} INFO - DAG(s) 'ml_pipeline_dag' retrieved from /opt/airflow/dags/ml_pipeline_dag.py
[2025-08-30T14:29:08.349+0000] {logging_mixin.py:188} INFO - [2025-08-30T14:29:08.349+0000] {dag.py:3089} INFO - Sync 1 DAGs
[2025-08-30T14:29:08.363+0000] {logging_mixin.py:188} INFO - [2025-08-30T14:29:08.363+0000] {dag.py:3947} INFO - Setting next_dagrun for ml_pipeline_dag to 2025-08-17 00:00:00+00:00, run_after=2025-08-24 00:00:00+00:00
[2025-08-30T14:29:08.380+0000] {processor.py:183} INFO - Processing /opt/airflow/dags/ml_pipeline_dag.py took 0.073 seconds
[2025-08-30T14:29:41.218+0000] {processor.py:161} INFO - Started process (PID=233) to work on /opt/airflow/dags/ml_pipeline_dag.py
[2025-08-30T14:29:41.220+0000] {processor.py:830} INFO - Processing file /opt/airflow/dags/ml_pipeline_dag.py for tasks to queue
[2025-08-30T14:29:41.222+0000] {logging_mixin.py:188} INFO - [2025-08-30T14:29:41.221+0000] {dagbag.py:545} INFO - Filling up the DagBag from /opt/airflow/dags/ml_pipeline_dag.py
[2025-08-30T14:29:41.240+0000] {processor.py:840} INFO - DAG(s) 'ml_pipeline_dag' retrieved from /opt/airflow/dags/ml_pipeline_dag.py
[2025-08-30T14:29:41.262+0000] {logging_mixin.py:188} INFO - [2025-08-30T14:29:41.262+0000] {dag.py:3089} INFO - Sync 1 DAGs
[2025-08-30T14:29:41.281+0000] {logging_mixin.py:188} INFO - [2025-08-30T14:29:41.281+0000] {dag.py:3947} INFO - Setting next_dagrun for ml_pipeline_dag to 2025-08-24 00:00:00+00:00, run_after=2025-08-31 00:00:00+00:00
[2025-08-30T14:29:41.298+0000] {processor.py:183} INFO - Processing /opt/airflow/dags/ml_pipeline_dag.py took 0.085 seconds
[2025-08-30T14:30:14.109+0000] {processor.py:161} INFO - Started process (PID=238) to work on /opt/airflow/dags/ml_pipeline_dag.py
[2025-08-30T14:30:14.110+0000] {processor.py:830} INFO - Processing file /opt/airflow/dags/ml_pipeline_dag.py for tasks to queue
[2025-08-30T14:30:14.112+0000] {logging_mixin.py:188} INFO - [2025-08-30T14:30:14.112+0000] {dagbag.py:545} INFO - Filling up the DagBag from /opt/airflow/dags/ml_pipeline_dag.py
[2025-08-30T14:30:14.136+0000] {processor.py:840} INFO - DAG(s) 'ml_pipeline_dag' retrieved from /opt/airflow/dags/ml_pipeline_dag.py
[2025-08-30T14:30:14.163+0000] {logging_mixin.py:188} INFO - [2025-08-30T14:30:14.162+0000] {dag.py:3089} INFO - Sync 1 DAGs
[2025-08-30T14:30:14.179+0000] {logging_mixin.py:188} INFO - [2025-08-30T14:30:14.179+0000] {dag.py:3947} INFO - Setting next_dagrun for ml_pipeline_dag to 2025-08-24 00:00:00+00:00, run_after=2025-08-31 00:00:00+00:00
[2025-08-30T14:30:14.195+0000] {processor.py:183} INFO - Processing /opt/airflow/dags/ml_pipeline_dag.py took 0.090 seconds
[2025-08-30T14:30:47.122+0000] {processor.py:161} INFO - Started process (PID=243) to work on /opt/airflow/dags/ml_pipeline_dag.py
[2025-08-30T14:30:47.124+0000] {processor.py:830} INFO - Processing file /opt/airflow/dags/ml_pipeline_dag.py for tasks to queue
[2025-08-30T14:30:47.125+0000] {logging_mixin.py:188} INFO - [2025-08-30T14:30:47.125+0000] {dagbag.py:545} INFO - Filling up the DagBag from /opt/airflow/dags/ml_pipeline_dag.py
[2025-08-30T14:30:47.148+0000] {processor.py:840} INFO - DAG(s) 'ml_pipeline_dag' retrieved from /opt/airflow/dags/ml_pipeline_dag.py
[2025-08-30T14:30:47.173+0000] {logging_mixin.py:188} INFO - [2025-08-30T14:30:47.172+0000] {dag.py:3089} INFO - Sync 1 DAGs
[2025-08-30T14:30:47.189+0000] {logging_mixin.py:188} INFO - [2025-08-30T14:30:47.189+0000] {dag.py:3947} INFO - Setting next_dagrun for ml_pipeline_dag to 2025-08-24 00:00:00+00:00, run_after=2025-08-31 00:00:00+00:00
[2025-08-30T14:30:47.206+0000] {processor.py:183} INFO - Processing /opt/airflow/dags/ml_pipeline_dag.py took 0.088 seconds
[2025-08-30T14:31:19.066+0000] {processor.py:161} INFO - Started process (PID=248) to work on /opt/airflow/dags/ml_pipeline_dag.py
[2025-08-30T14:31:19.067+0000] {processor.py:830} INFO - Processing file /opt/airflow/dags/ml_pipeline_dag.py for tasks to queue
[2025-08-30T14:31:19.069+0000] {logging_mixin.py:188} INFO - [2025-08-30T14:31:19.068+0000] {dagbag.py:545} INFO - Filling up the DagBag from /opt/airflow/dags/ml_pipeline_dag.py
[2025-08-30T14:31:19.085+0000] {processor.py:840} INFO - DAG(s) 'ml_pipeline_dag' retrieved from /opt/airflow/dags/ml_pipeline_dag.py
[2025-08-30T14:31:19.108+0000] {logging_mixin.py:188} INFO - [2025-08-30T14:31:19.108+0000] {dag.py:3089} INFO - Sync 1 DAGs
[2025-08-30T14:31:19.131+0000] {logging_mixin.py:188} INFO - [2025-08-30T14:31:19.131+0000] {dag.py:3947} INFO - Setting next_dagrun for ml_pipeline_dag to 2025-08-24 00:00:00+00:00, run_after=2025-08-31 00:00:00+00:00
[2025-08-30T14:31:19.149+0000] {processor.py:183} INFO - Processing /opt/airflow/dags/ml_pipeline_dag.py took 0.086 seconds
[2025-08-30T14:31:51.954+0000] {processor.py:161} INFO - Started process (PID=253) to work on /opt/airflow/dags/ml_pipeline_dag.py
[2025-08-30T14:31:51.955+0000] {processor.py:830} INFO - Processing file /opt/airflow/dags/ml_pipeline_dag.py for tasks to queue
[2025-08-30T14:31:51.957+0000] {logging_mixin.py:188} INFO - [2025-08-30T14:31:51.956+0000] {dagbag.py:545} INFO - Filling up the DagBag from /opt/airflow/dags/ml_pipeline_dag.py
[2025-08-30T14:31:51.984+0000] {processor.py:840} INFO - DAG(s) 'ml_pipeline_dag' retrieved from /opt/airflow/dags/ml_pipeline_dag.py
[2025-08-30T14:31:52.009+0000] {logging_mixin.py:188} INFO - [2025-08-30T14:31:52.008+0000] {dag.py:3089} INFO - Sync 1 DAGs
[2025-08-30T14:31:52.025+0000] {logging_mixin.py:188} INFO - [2025-08-30T14:31:52.025+0000] {dag.py:3947} INFO - Setting next_dagrun for ml_pipeline_dag to 2025-08-24 00:00:00+00:00, run_after=2025-08-31 00:00:00+00:00
[2025-08-30T14:31:52.041+0000] {processor.py:183} INFO - Processing /opt/airflow/dags/ml_pipeline_dag.py took 0.093 seconds
[2025-08-30T14:32:24.910+0000] {processor.py:161} INFO - Started process (PID=258) to work on /opt/airflow/dags/ml_pipeline_dag.py
[2025-08-30T14:32:24.911+0000] {processor.py:830} INFO - Processing file /opt/airflow/dags/ml_pipeline_dag.py for tasks to queue
[2025-08-30T14:32:24.914+0000] {logging_mixin.py:188} INFO - [2025-08-30T14:32:24.913+0000] {dagbag.py:545} INFO - Filling up the DagBag from /opt/airflow/dags/ml_pipeline_dag.py
[2025-08-30T14:32:24.938+0000] {processor.py:840} INFO - DAG(s) 'ml_pipeline_dag' retrieved from /opt/airflow/dags/ml_pipeline_dag.py
[2025-08-30T14:32:24.962+0000] {logging_mixin.py:188} INFO - [2025-08-30T14:32:24.962+0000] {dag.py:3089} INFO - Sync 1 DAGs
[2025-08-30T14:32:24.978+0000] {logging_mixin.py:188} INFO - [2025-08-30T14:32:24.978+0000] {dag.py:3947} INFO - Setting next_dagrun for ml_pipeline_dag to 2025-08-24 00:00:00+00:00, run_after=2025-08-31 00:00:00+00:00
[2025-08-30T14:32:24.993+0000] {processor.py:183} INFO - Processing /opt/airflow/dags/ml_pipeline_dag.py took 0.087 seconds
[2025-08-30T14:32:57.781+0000] {processor.py:161} INFO - Started process (PID=269) to work on /opt/airflow/dags/ml_pipeline_dag.py
[2025-08-30T14:32:57.782+0000] {processor.py:830} INFO - Processing file /opt/airflow/dags/ml_pipeline_dag.py for tasks to queue
[2025-08-30T14:32:57.784+0000] {logging_mixin.py:188} INFO - [2025-08-30T14:32:57.783+0000] {dagbag.py:545} INFO - Filling up the DagBag from /opt/airflow/dags/ml_pipeline_dag.py
[2025-08-30T14:32:57.800+0000] {processor.py:840} INFO - DAG(s) 'ml_pipeline_dag' retrieved from /opt/airflow/dags/ml_pipeline_dag.py
[2025-08-30T14:32:57.825+0000] {logging_mixin.py:188} INFO - [2025-08-30T14:32:57.825+0000] {dag.py:3089} INFO - Sync 1 DAGs
[2025-08-30T14:32:57.843+0000] {logging_mixin.py:188} INFO - [2025-08-30T14:32:57.843+0000] {dag.py:3947} INFO - Setting next_dagrun for ml_pipeline_dag to 2025-08-24 00:00:00+00:00, run_after=2025-08-31 00:00:00+00:00
[2025-08-30T14:32:57.861+0000] {processor.py:183} INFO - Processing /opt/airflow/dags/ml_pipeline_dag.py took 0.085 seconds
[2025-08-30T14:33:30.732+0000] {processor.py:161} INFO - Started process (PID=274) to work on /opt/airflow/dags/ml_pipeline_dag.py
[2025-08-30T14:33:30.733+0000] {processor.py:830} INFO - Processing file /opt/airflow/dags/ml_pipeline_dag.py for tasks to queue
[2025-08-30T14:33:30.734+0000] {logging_mixin.py:188} INFO - [2025-08-30T14:33:30.734+0000] {dagbag.py:545} INFO - Filling up the DagBag from /opt/airflow/dags/ml_pipeline_dag.py
[2025-08-30T14:33:30.753+0000] {processor.py:840} INFO - DAG(s) 'ml_pipeline_dag' retrieved from /opt/airflow/dags/ml_pipeline_dag.py
[2025-08-30T14:33:30.774+0000] {logging_mixin.py:188} INFO - [2025-08-30T14:33:30.774+0000] {dag.py:3089} INFO - Sync 1 DAGs
[2025-08-30T14:33:30.789+0000] {logging_mixin.py:188} INFO - [2025-08-30T14:33:30.789+0000] {dag.py:3947} INFO - Setting next_dagrun for ml_pipeline_dag to 2025-08-24 00:00:00+00:00, run_after=2025-08-31 00:00:00+00:00
[2025-08-30T14:33:30.804+0000] {processor.py:183} INFO - Processing /opt/airflow/dags/ml_pipeline_dag.py took 0.076 seconds
[2025-08-30T14:34:02.682+0000] {processor.py:161} INFO - Started process (PID=279) to work on /opt/airflow/dags/ml_pipeline_dag.py
[2025-08-30T14:34:02.683+0000] {processor.py:830} INFO - Processing file /opt/airflow/dags/ml_pipeline_dag.py for tasks to queue
[2025-08-30T14:34:02.684+0000] {logging_mixin.py:188} INFO - [2025-08-30T14:34:02.684+0000] {dagbag.py:545} INFO - Filling up the DagBag from /opt/airflow/dags/ml_pipeline_dag.py
[2025-08-30T14:34:02.699+0000] {processor.py:840} INFO - DAG(s) 'ml_pipeline_dag' retrieved from /opt/airflow/dags/ml_pipeline_dag.py
[2025-08-30T14:34:02.722+0000] {logging_mixin.py:188} INFO - [2025-08-30T14:34:02.722+0000] {dag.py:3089} INFO - Sync 1 DAGs
[2025-08-30T14:34:02.738+0000] {logging_mixin.py:188} INFO - [2025-08-30T14:34:02.738+0000] {dag.py:3947} INFO - Setting next_dagrun for ml_pipeline_dag to 2025-08-24 00:00:00+00:00, run_after=2025-08-31 00:00:00+00:00
[2025-08-30T14:34:02.752+0000] {processor.py:183} INFO - Processing /opt/airflow/dags/ml_pipeline_dag.py took 0.075 seconds
[2025-08-30T14:34:35.558+0000] {processor.py:161} INFO - Started process (PID=284) to work on /opt/airflow/dags/ml_pipeline_dag.py
[2025-08-30T14:34:35.559+0000] {processor.py:830} INFO - Processing file /opt/airflow/dags/ml_pipeline_dag.py for tasks to queue
[2025-08-30T14:34:35.561+0000] {logging_mixin.py:188} INFO - [2025-08-30T14:34:35.561+0000] {dagbag.py:545} INFO - Filling up the DagBag from /opt/airflow/dags/ml_pipeline_dag.py
[2025-08-30T14:34:35.581+0000] {processor.py:840} INFO - DAG(s) 'ml_pipeline_dag' retrieved from /opt/airflow/dags/ml_pipeline_dag.py
[2025-08-30T14:34:35.607+0000] {logging_mixin.py:188} INFO - [2025-08-30T14:34:35.607+0000] {dag.py:3089} INFO - Sync 1 DAGs
[2025-08-30T14:34:35.625+0000] {logging_mixin.py:188} INFO - [2025-08-30T14:34:35.625+0000] {dag.py:3947} INFO - Setting next_dagrun for ml_pipeline_dag to 2025-08-24 00:00:00+00:00, run_after=2025-08-31 00:00:00+00:00
[2025-08-30T14:34:35.643+0000] {processor.py:183} INFO - Processing /opt/airflow/dags/ml_pipeline_dag.py took 0.092 seconds
[2025-08-30T14:35:08.506+0000] {processor.py:161} INFO - Started process (PID=289) to work on /opt/airflow/dags/ml_pipeline_dag.py
[2025-08-30T14:35:08.507+0000] {processor.py:830} INFO - Processing file /opt/airflow/dags/ml_pipeline_dag.py for tasks to queue
[2025-08-30T14:35:08.509+0000] {logging_mixin.py:188} INFO - [2025-08-30T14:35:08.509+0000] {dagbag.py:545} INFO - Filling up the DagBag from /opt/airflow/dags/ml_pipeline_dag.py
[2025-08-30T14:35:08.534+0000] {processor.py:840} INFO - DAG(s) 'ml_pipeline_dag' retrieved from /opt/airflow/dags/ml_pipeline_dag.py
[2025-08-30T14:35:08.560+0000] {logging_mixin.py:188} INFO - [2025-08-30T14:35:08.560+0000] {dag.py:3089} INFO - Sync 1 DAGs
[2025-08-30T14:35:08.578+0000] {logging_mixin.py:188} INFO - [2025-08-30T14:35:08.578+0000] {dag.py:3947} INFO - Setting next_dagrun for ml_pipeline_dag to 2025-08-24 00:00:00+00:00, run_after=2025-08-31 00:00:00+00:00
[2025-08-30T14:35:08.594+0000] {processor.py:183} INFO - Processing /opt/airflow/dags/ml_pipeline_dag.py took 0.093 seconds
[2025-08-30T14:35:41.455+0000] {processor.py:161} INFO - Started process (PID=294) to work on /opt/airflow/dags/ml_pipeline_dag.py
[2025-08-30T14:35:41.456+0000] {processor.py:830} INFO - Processing file /opt/airflow/dags/ml_pipeline_dag.py for tasks to queue
[2025-08-30T14:35:41.458+0000] {logging_mixin.py:188} INFO - [2025-08-30T14:35:41.458+0000] {dagbag.py:545} INFO - Filling up the DagBag from /opt/airflow/dags/ml_pipeline_dag.py
[2025-08-30T14:35:41.473+0000] {processor.py:840} INFO - DAG(s) 'ml_pipeline_dag' retrieved from /opt/airflow/dags/ml_pipeline_dag.py
[2025-08-30T14:35:41.493+0000] {logging_mixin.py:188} INFO - [2025-08-30T14:35:41.493+0000] {dag.py:3089} INFO - Sync 1 DAGs
[2025-08-30T14:35:41.508+0000] {logging_mixin.py:188} INFO - [2025-08-30T14:35:41.508+0000] {dag.py:3947} INFO - Setting next_dagrun for ml_pipeline_dag to 2025-08-24 00:00:00+00:00, run_after=2025-08-31 00:00:00+00:00
[2025-08-30T14:35:41.524+0000] {processor.py:183} INFO - Processing /opt/airflow/dags/ml_pipeline_dag.py took 0.073 seconds
[2025-08-30T14:49:02.317+0000] {processor.py:161} INFO - Started process (PID=39) to work on /opt/airflow/dags/ml_pipeline_dag.py
[2025-08-30T14:49:02.318+0000] {processor.py:830} INFO - Processing file /opt/airflow/dags/ml_pipeline_dag.py for tasks to queue
[2025-08-30T14:49:02.321+0000] {logging_mixin.py:188} INFO - [2025-08-30T14:49:02.320+0000] {dagbag.py:545} INFO - Filling up the DagBag from /opt/airflow/dags/ml_pipeline_dag.py
[2025-08-30T14:49:02.349+0000] {processor.py:840} INFO - DAG(s) 'ml_pipeline_dag' retrieved from /opt/airflow/dags/ml_pipeline_dag.py
[2025-08-30T14:49:02.560+0000] {logging_mixin.py:188} INFO - [2025-08-30T14:49:02.559+0000] {override.py:1858} INFO - Created Permission View: can delete on DAG:ml_pipeline_dag
[2025-08-30T14:49:02.595+0000] {logging_mixin.py:188} INFO - [2025-08-30T14:49:02.595+0000] {override.py:1858} INFO - Created Permission View: can read on DAG:ml_pipeline_dag
[2025-08-30T14:49:02.616+0000] {logging_mixin.py:188} INFO - [2025-08-30T14:49:02.615+0000] {override.py:1858} INFO - Created Permission View: can edit on DAG:ml_pipeline_dag
[2025-08-30T14:49:02.616+0000] {logging_mixin.py:188} INFO - [2025-08-30T14:49:02.616+0000] {dag.py:3089} INFO - Sync 1 DAGs
[2025-08-30T14:49:02.632+0000] {logging_mixin.py:188} INFO - [2025-08-30T14:49:02.632+0000] {dag.py:3111} INFO - Creating ORM DAG for ml_pipeline_dag
[2025-08-30T14:49:02.645+0000] {logging_mixin.py:188} INFO - [2025-08-30T14:49:02.645+0000] {dag.py:3947} INFO - Setting next_dagrun for ml_pipeline_dag to 2025-08-16 16:00:00+00:00, run_after=2025-08-23 16:00:00+00:00
[2025-08-30T14:49:02.704+0000] {processor.py:183} INFO - Processing /opt/airflow/dags/ml_pipeline_dag.py took 0.392 seconds
[2025-08-30T14:49:33.385+0000] {processor.py:161} INFO - Started process (PID=40) to work on /opt/airflow/dags/ml_pipeline_dag.py
[2025-08-30T14:49:33.386+0000] {processor.py:830} INFO - Processing file /opt/airflow/dags/ml_pipeline_dag.py for tasks to queue
[2025-08-30T14:49:33.389+0000] {logging_mixin.py:188} INFO - [2025-08-30T14:49:33.388+0000] {dagbag.py:545} INFO - Filling up the DagBag from /opt/airflow/dags/ml_pipeline_dag.py
[2025-08-30T14:49:33.407+0000] {processor.py:840} INFO - DAG(s) 'ml_pipeline_dag' retrieved from /opt/airflow/dags/ml_pipeline_dag.py
[2025-08-30T14:49:33.436+0000] {logging_mixin.py:188} INFO - [2025-08-30T14:49:33.436+0000] {dag.py:3089} INFO - Sync 1 DAGs
[2025-08-30T14:49:33.456+0000] {logging_mixin.py:188} INFO - [2025-08-30T14:49:33.455+0000] {dag.py:3947} INFO - Setting next_dagrun for ml_pipeline_dag to 2025-08-16 16:00:00+00:00, run_after=2025-08-23 16:00:00+00:00
[2025-08-30T14:49:33.504+0000] {processor.py:183} INFO - Processing /opt/airflow/dags/ml_pipeline_dag.py took 0.124 seconds
[2025-08-30T14:50:04.436+0000] {processor.py:161} INFO - Started process (PID=41) to work on /opt/airflow/dags/ml_pipeline_dag.py
[2025-08-30T14:50:04.438+0000] {processor.py:830} INFO - Processing file /opt/airflow/dags/ml_pipeline_dag.py for tasks to queue
[2025-08-30T14:50:04.440+0000] {logging_mixin.py:188} INFO - [2025-08-30T14:50:04.440+0000] {dagbag.py:545} INFO - Filling up the DagBag from /opt/airflow/dags/ml_pipeline_dag.py
[2025-08-30T14:50:04.460+0000] {processor.py:840} INFO - DAG(s) 'ml_pipeline_dag' retrieved from /opt/airflow/dags/ml_pipeline_dag.py
[2025-08-30T14:50:04.490+0000] {logging_mixin.py:188} INFO - [2025-08-30T14:50:04.490+0000] {dag.py:3089} INFO - Sync 1 DAGs
[2025-08-30T14:50:04.512+0000] {logging_mixin.py:188} INFO - [2025-08-30T14:50:04.511+0000] {dag.py:3947} INFO - Setting next_dagrun for ml_pipeline_dag to 2025-08-16 16:00:00+00:00, run_after=2025-08-23 16:00:00+00:00
[2025-08-30T14:50:04.562+0000] {processor.py:183} INFO - Processing /opt/airflow/dags/ml_pipeline_dag.py took 0.131 seconds
[2025-08-30T14:50:35.671+0000] {processor.py:161} INFO - Started process (PID=42) to work on /opt/airflow/dags/ml_pipeline_dag.py
[2025-08-30T14:50:35.672+0000] {processor.py:830} INFO - Processing file /opt/airflow/dags/ml_pipeline_dag.py for tasks to queue
[2025-08-30T14:50:35.674+0000] {logging_mixin.py:188} INFO - [2025-08-30T14:50:35.674+0000] {dagbag.py:545} INFO - Filling up the DagBag from /opt/airflow/dags/ml_pipeline_dag.py
[2025-08-30T14:50:35.691+0000] {processor.py:840} INFO - DAG(s) 'ml_pipeline_dag' retrieved from /opt/airflow/dags/ml_pipeline_dag.py
[2025-08-30T14:50:35.715+0000] {logging_mixin.py:188} INFO - [2025-08-30T14:50:35.714+0000] {dag.py:3089} INFO - Sync 1 DAGs
[2025-08-30T14:50:35.736+0000] {logging_mixin.py:188} INFO - [2025-08-30T14:50:35.736+0000] {dag.py:3947} INFO - Setting next_dagrun for ml_pipeline_dag to 2025-08-16 16:00:00+00:00, run_after=2025-08-23 16:00:00+00:00
[2025-08-30T14:50:35.768+0000] {processor.py:183} INFO - Processing /opt/airflow/dags/ml_pipeline_dag.py took 0.101 seconds
[2025-08-30T14:51:06.777+0000] {processor.py:161} INFO - Started process (PID=43) to work on /opt/airflow/dags/ml_pipeline_dag.py
[2025-08-30T14:51:06.779+0000] {processor.py:830} INFO - Processing file /opt/airflow/dags/ml_pipeline_dag.py for tasks to queue
[2025-08-30T14:51:06.782+0000] {logging_mixin.py:188} INFO - [2025-08-30T14:51:06.781+0000] {dagbag.py:545} INFO - Filling up the DagBag from /opt/airflow/dags/ml_pipeline_dag.py
[2025-08-30T14:51:06.808+0000] {processor.py:840} INFO - DAG(s) 'ml_pipeline_dag' retrieved from /opt/airflow/dags/ml_pipeline_dag.py
[2025-08-30T14:51:06.841+0000] {logging_mixin.py:188} INFO - [2025-08-30T14:51:06.840+0000] {dag.py:3089} INFO - Sync 1 DAGs
[2025-08-30T14:51:06.870+0000] {logging_mixin.py:188} INFO - [2025-08-30T14:51:06.870+0000] {dag.py:3947} INFO - Setting next_dagrun for ml_pipeline_dag to 2025-08-16 16:00:00+00:00, run_after=2025-08-23 16:00:00+00:00
[2025-08-30T14:51:06.930+0000] {processor.py:183} INFO - Processing /opt/airflow/dags/ml_pipeline_dag.py took 0.158 seconds
[2025-08-30T14:51:37.705+0000] {processor.py:161} INFO - Started process (PID=44) to work on /opt/airflow/dags/ml_pipeline_dag.py
[2025-08-30T14:51:37.706+0000] {processor.py:830} INFO - Processing file /opt/airflow/dags/ml_pipeline_dag.py for tasks to queue
[2025-08-30T14:51:37.708+0000] {logging_mixin.py:188} INFO - [2025-08-30T14:51:37.708+0000] {dagbag.py:545} INFO - Filling up the DagBag from /opt/airflow/dags/ml_pipeline_dag.py
[2025-08-30T14:51:37.727+0000] {processor.py:840} INFO - DAG(s) 'ml_pipeline_dag' retrieved from /opt/airflow/dags/ml_pipeline_dag.py
[2025-08-30T14:51:37.755+0000] {logging_mixin.py:188} INFO - [2025-08-30T14:51:37.754+0000] {dag.py:3089} INFO - Sync 1 DAGs
[2025-08-30T14:51:37.777+0000] {logging_mixin.py:188} INFO - [2025-08-30T14:51:37.776+0000] {dag.py:3947} INFO - Setting next_dagrun for ml_pipeline_dag to 2025-08-16 16:00:00+00:00, run_after=2025-08-23 16:00:00+00:00
[2025-08-30T14:51:37.830+0000] {processor.py:183} INFO - Processing /opt/airflow/dags/ml_pipeline_dag.py took 0.130 seconds
[2025-08-30T14:52:08.171+0000] {processor.py:161} INFO - Started process (PID=45) to work on /opt/airflow/dags/ml_pipeline_dag.py
[2025-08-30T14:52:08.172+0000] {processor.py:830} INFO - Processing file /opt/airflow/dags/ml_pipeline_dag.py for tasks to queue
[2025-08-30T14:52:08.174+0000] {logging_mixin.py:188} INFO - [2025-08-30T14:52:08.174+0000] {dagbag.py:545} INFO - Filling up the DagBag from /opt/airflow/dags/ml_pipeline_dag.py
[2025-08-30T14:52:08.191+0000] {processor.py:840} INFO - DAG(s) 'ml_pipeline_dag' retrieved from /opt/airflow/dags/ml_pipeline_dag.py
[2025-08-30T14:52:08.205+0000] {logging_mixin.py:188} INFO - [2025-08-30T14:52:08.205+0000] {dag.py:3089} INFO - Sync 1 DAGs
[2025-08-30T14:52:08.228+0000] {logging_mixin.py:188} INFO - [2025-08-30T14:52:08.228+0000] {dag.py:3947} INFO - Setting next_dagrun for ml_pipeline_dag to 2025-08-16 16:00:00+00:00, run_after=2025-08-23 16:00:00+00:00
[2025-08-30T14:52:08.276+0000] {processor.py:183} INFO - Processing /opt/airflow/dags/ml_pipeline_dag.py took 0.109 seconds
[2025-08-30T14:52:39.346+0000] {processor.py:161} INFO - Started process (PID=80) to work on /opt/airflow/dags/ml_pipeline_dag.py
[2025-08-30T14:52:39.348+0000] {processor.py:830} INFO - Processing file /opt/airflow/dags/ml_pipeline_dag.py for tasks to queue
[2025-08-30T14:52:39.350+0000] {logging_mixin.py:188} INFO - [2025-08-30T14:52:39.350+0000] {dagbag.py:545} INFO - Filling up the DagBag from /opt/airflow/dags/ml_pipeline_dag.py
[2025-08-30T14:52:39.374+0000] {processor.py:840} INFO - DAG(s) 'ml_pipeline_dag' retrieved from /opt/airflow/dags/ml_pipeline_dag.py
[2025-08-30T14:52:39.484+0000] {logging_mixin.py:188} INFO - [2025-08-30T14:52:39.483+0000] {dag.py:3089} INFO - Sync 1 DAGs
[2025-08-30T14:52:39.502+0000] {logging_mixin.py:188} INFO - [2025-08-30T14:52:39.501+0000] {dag.py:3947} INFO - Setting next_dagrun for ml_pipeline_dag to 2025-08-23 16:00:00+00:00, run_after=2025-08-30 16:00:00+00:00
[2025-08-30T14:52:39.572+0000] {processor.py:183} INFO - Processing /opt/airflow/dags/ml_pipeline_dag.py took 0.231 seconds
[2025-08-30T14:53:10.636+0000] {processor.py:161} INFO - Started process (PID=81) to work on /opt/airflow/dags/ml_pipeline_dag.py
[2025-08-30T14:53:10.638+0000] {processor.py:830} INFO - Processing file /opt/airflow/dags/ml_pipeline_dag.py for tasks to queue
[2025-08-30T14:53:10.640+0000] {logging_mixin.py:188} INFO - [2025-08-30T14:53:10.639+0000] {dagbag.py:545} INFO - Filling up the DagBag from /opt/airflow/dags/ml_pipeline_dag.py
[2025-08-30T14:53:10.659+0000] {processor.py:840} INFO - DAG(s) 'ml_pipeline_dag' retrieved from /opt/airflow/dags/ml_pipeline_dag.py
[2025-08-30T14:53:10.692+0000] {logging_mixin.py:188} INFO - [2025-08-30T14:53:10.692+0000] {dag.py:3089} INFO - Sync 1 DAGs
[2025-08-30T14:53:10.716+0000] {logging_mixin.py:188} INFO - [2025-08-30T14:53:10.716+0000] {dag.py:3947} INFO - Setting next_dagrun for ml_pipeline_dag to 2025-08-23 16:00:00+00:00, run_after=2025-08-30 16:00:00+00:00
[2025-08-30T14:53:10.774+0000] {processor.py:183} INFO - Processing /opt/airflow/dags/ml_pipeline_dag.py took 0.142 seconds
[2025-08-30T14:53:41.674+0000] {processor.py:161} INFO - Started process (PID=82) to work on /opt/airflow/dags/ml_pipeline_dag.py
[2025-08-30T14:53:41.675+0000] {processor.py:830} INFO - Processing file /opt/airflow/dags/ml_pipeline_dag.py for tasks to queue
[2025-08-30T14:53:41.677+0000] {logging_mixin.py:188} INFO - [2025-08-30T14:53:41.677+0000] {dagbag.py:545} INFO - Filling up the DagBag from /opt/airflow/dags/ml_pipeline_dag.py
[2025-08-30T14:53:41.695+0000] {processor.py:840} INFO - DAG(s) 'ml_pipeline_dag' retrieved from /opt/airflow/dags/ml_pipeline_dag.py
[2025-08-30T14:53:41.721+0000] {logging_mixin.py:188} INFO - [2025-08-30T14:53:41.721+0000] {dag.py:3089} INFO - Sync 1 DAGs
[2025-08-30T14:53:41.740+0000] {logging_mixin.py:188} INFO - [2025-08-30T14:53:41.740+0000] {dag.py:3947} INFO - Setting next_dagrun for ml_pipeline_dag to 2025-08-23 16:00:00+00:00, run_after=2025-08-30 16:00:00+00:00
[2025-08-30T14:53:41.772+0000] {processor.py:183} INFO - Processing /opt/airflow/dags/ml_pipeline_dag.py took 0.101 seconds
[2025-08-30T14:54:13.698+0000] {processor.py:161} INFO - Started process (PID=83) to work on /opt/airflow/dags/ml_pipeline_dag.py
[2025-08-30T14:54:13.699+0000] {processor.py:830} INFO - Processing file /opt/airflow/dags/ml_pipeline_dag.py for tasks to queue
[2025-08-30T14:54:13.702+0000] {logging_mixin.py:188} INFO - [2025-08-30T14:54:13.701+0000] {dagbag.py:545} INFO - Filling up the DagBag from /opt/airflow/dags/ml_pipeline_dag.py
[2025-08-30T14:54:13.728+0000] {processor.py:840} INFO - DAG(s) 'ml_pipeline_dag' retrieved from /opt/airflow/dags/ml_pipeline_dag.py
[2025-08-30T14:54:13.760+0000] {logging_mixin.py:188} INFO - [2025-08-30T14:54:13.760+0000] {dag.py:3089} INFO - Sync 1 DAGs
[2025-08-30T14:54:13.786+0000] {logging_mixin.py:188} INFO - [2025-08-30T14:54:13.786+0000] {dag.py:3947} INFO - Setting next_dagrun for ml_pipeline_dag to 2025-08-23 16:00:00+00:00, run_after=2025-08-30 16:00:00+00:00
[2025-08-30T14:54:13.825+0000] {processor.py:183} INFO - Processing /opt/airflow/dags/ml_pipeline_dag.py took 0.133 seconds
[2025-08-30T14:54:46.525+0000] {processor.py:161} INFO - Started process (PID=128) to work on /opt/airflow/dags/ml_pipeline_dag.py
[2025-08-30T14:54:46.526+0000] {processor.py:830} INFO - Processing file /opt/airflow/dags/ml_pipeline_dag.py for tasks to queue
[2025-08-30T14:54:46.527+0000] {logging_mixin.py:188} INFO - [2025-08-30T14:54:46.527+0000] {dagbag.py:545} INFO - Filling up the DagBag from /opt/airflow/dags/ml_pipeline_dag.py
[2025-08-30T14:54:46.548+0000] {processor.py:840} INFO - DAG(s) 'ml_pipeline_dag' retrieved from /opt/airflow/dags/ml_pipeline_dag.py
[2025-08-30T14:54:46.581+0000] {logging_mixin.py:188} INFO - [2025-08-30T14:54:46.581+0000] {dag.py:3089} INFO - Sync 1 DAGs
[2025-08-30T14:54:46.604+0000] {logging_mixin.py:188} INFO - [2025-08-30T14:54:46.604+0000] {dag.py:3947} INFO - Setting next_dagrun for ml_pipeline_dag to 2025-08-23 16:00:00+00:00, run_after=2025-08-30 16:00:00+00:00
[2025-08-30T14:54:46.649+0000] {processor.py:183} INFO - Processing /opt/airflow/dags/ml_pipeline_dag.py took 0.129 seconds
[2025-08-30T14:55:19.572+0000] {processor.py:161} INFO - Started process (PID=129) to work on /opt/airflow/dags/ml_pipeline_dag.py
[2025-08-30T14:55:19.574+0000] {processor.py:830} INFO - Processing file /opt/airflow/dags/ml_pipeline_dag.py for tasks to queue
[2025-08-30T14:55:19.578+0000] {logging_mixin.py:188} INFO - [2025-08-30T14:55:19.577+0000] {dagbag.py:545} INFO - Filling up the DagBag from /opt/airflow/dags/ml_pipeline_dag.py
[2025-08-30T14:55:19.609+0000] {processor.py:840} INFO - DAG(s) 'ml_pipeline_dag' retrieved from /opt/airflow/dags/ml_pipeline_dag.py
[2025-08-30T14:55:19.645+0000] {logging_mixin.py:188} INFO - [2025-08-30T14:55:19.645+0000] {dag.py:3089} INFO - Sync 1 DAGs
[2025-08-30T14:55:19.677+0000] {logging_mixin.py:188} INFO - [2025-08-30T14:55:19.677+0000] {dag.py:3947} INFO - Setting next_dagrun for ml_pipeline_dag to 2025-08-23 16:00:00+00:00, run_after=2025-08-30 16:00:00+00:00
[2025-08-30T14:55:19.737+0000] {processor.py:183} INFO - Processing /opt/airflow/dags/ml_pipeline_dag.py took 0.172 seconds
[2025-08-30T14:55:52.560+0000] {processor.py:161} INFO - Started process (PID=139) to work on /opt/airflow/dags/ml_pipeline_dag.py
[2025-08-30T14:55:52.561+0000] {processor.py:830} INFO - Processing file /opt/airflow/dags/ml_pipeline_dag.py for tasks to queue
[2025-08-30T14:55:52.563+0000] {logging_mixin.py:188} INFO - [2025-08-30T14:55:52.562+0000] {dagbag.py:545} INFO - Filling up the DagBag from /opt/airflow/dags/ml_pipeline_dag.py
[2025-08-30T14:55:52.584+0000] {processor.py:840} INFO - DAG(s) 'ml_pipeline_dag' retrieved from /opt/airflow/dags/ml_pipeline_dag.py
[2025-08-30T14:55:52.610+0000] {logging_mixin.py:188} INFO - [2025-08-30T14:55:52.610+0000] {dag.py:3089} INFO - Sync 1 DAGs
[2025-08-30T14:55:52.633+0000] {logging_mixin.py:188} INFO - [2025-08-30T14:55:52.633+0000] {dag.py:3947} INFO - Setting next_dagrun for ml_pipeline_dag to 2025-08-23 16:00:00+00:00, run_after=2025-08-30 16:00:00+00:00
[2025-08-30T14:55:52.673+0000] {processor.py:183} INFO - Processing /opt/airflow/dags/ml_pipeline_dag.py took 0.118 seconds
[2025-08-30T14:56:25.500+0000] {processor.py:161} INFO - Started process (PID=140) to work on /opt/airflow/dags/ml_pipeline_dag.py
[2025-08-30T14:56:25.501+0000] {processor.py:830} INFO - Processing file /opt/airflow/dags/ml_pipeline_dag.py for tasks to queue
[2025-08-30T14:56:25.502+0000] {logging_mixin.py:188} INFO - [2025-08-30T14:56:25.502+0000] {dagbag.py:545} INFO - Filling up the DagBag from /opt/airflow/dags/ml_pipeline_dag.py
[2025-08-30T14:56:25.530+0000] {processor.py:840} INFO - DAG(s) 'ml_pipeline_dag' retrieved from /opt/airflow/dags/ml_pipeline_dag.py
[2025-08-30T14:56:25.559+0000] {logging_mixin.py:188} INFO - [2025-08-30T14:56:25.558+0000] {dag.py:3089} INFO - Sync 1 DAGs
[2025-08-30T14:56:25.579+0000] {logging_mixin.py:188} INFO - [2025-08-30T14:56:25.579+0000] {dag.py:3947} INFO - Setting next_dagrun for ml_pipeline_dag to 2025-08-23 16:00:00+00:00, run_after=2025-08-30 16:00:00+00:00
[2025-08-30T14:56:25.624+0000] {processor.py:183} INFO - Processing /opt/airflow/dags/ml_pipeline_dag.py took 0.129 seconds
[2025-08-30T14:56:57.347+0000] {processor.py:161} INFO - Started process (PID=141) to work on /opt/airflow/dags/ml_pipeline_dag.py
[2025-08-30T14:56:57.348+0000] {processor.py:830} INFO - Processing file /opt/airflow/dags/ml_pipeline_dag.py for tasks to queue
[2025-08-30T14:56:57.350+0000] {logging_mixin.py:188} INFO - [2025-08-30T14:56:57.349+0000] {dagbag.py:545} INFO - Filling up the DagBag from /opt/airflow/dags/ml_pipeline_dag.py
[2025-08-30T14:56:57.365+0000] {processor.py:840} INFO - DAG(s) 'ml_pipeline_dag' retrieved from /opt/airflow/dags/ml_pipeline_dag.py
[2025-08-30T14:56:57.387+0000] {logging_mixin.py:188} INFO - [2025-08-30T14:56:57.387+0000] {dag.py:3089} INFO - Sync 1 DAGs
[2025-08-30T14:56:57.404+0000] {logging_mixin.py:188} INFO - [2025-08-30T14:56:57.404+0000] {dag.py:3947} INFO - Setting next_dagrun for ml_pipeline_dag to 2025-08-23 16:00:00+00:00, run_after=2025-08-30 16:00:00+00:00
[2025-08-30T14:56:57.439+0000] {processor.py:183} INFO - Processing /opt/airflow/dags/ml_pipeline_dag.py took 0.096 seconds
[2025-08-30T14:57:30.130+0000] {processor.py:161} INFO - Started process (PID=148) to work on /opt/airflow/dags/ml_pipeline_dag.py
[2025-08-30T14:57:30.131+0000] {processor.py:830} INFO - Processing file /opt/airflow/dags/ml_pipeline_dag.py for tasks to queue
[2025-08-30T14:57:30.133+0000] {logging_mixin.py:188} INFO - [2025-08-30T14:57:30.133+0000] {dagbag.py:545} INFO - Filling up the DagBag from /opt/airflow/dags/ml_pipeline_dag.py
[2025-08-30T14:57:30.158+0000] {processor.py:840} INFO - DAG(s) 'ml_pipeline_dag' retrieved from /opt/airflow/dags/ml_pipeline_dag.py
[2025-08-30T14:57:30.188+0000] {logging_mixin.py:188} INFO - [2025-08-30T14:57:30.188+0000] {dag.py:3089} INFO - Sync 1 DAGs
[2025-08-30T14:57:30.212+0000] {logging_mixin.py:188} INFO - [2025-08-30T14:57:30.211+0000] {dag.py:3947} INFO - Setting next_dagrun for ml_pipeline_dag to 2025-08-23 16:00:00+00:00, run_after=2025-08-30 16:00:00+00:00
[2025-08-30T14:57:30.254+0000] {processor.py:183} INFO - Processing /opt/airflow/dags/ml_pipeline_dag.py took 0.128 seconds
[2025-08-30T14:58:03.293+0000] {processor.py:161} INFO - Started process (PID=171) to work on /opt/airflow/dags/ml_pipeline_dag.py
[2025-08-30T14:58:03.294+0000] {processor.py:830} INFO - Processing file /opt/airflow/dags/ml_pipeline_dag.py for tasks to queue
[2025-08-30T14:58:03.296+0000] {logging_mixin.py:188} INFO - [2025-08-30T14:58:03.296+0000] {dagbag.py:545} INFO - Filling up the DagBag from /opt/airflow/dags/ml_pipeline_dag.py
[2025-08-30T14:58:03.319+0000] {processor.py:840} INFO - DAG(s) 'ml_pipeline_dag' retrieved from /opt/airflow/dags/ml_pipeline_dag.py
[2025-08-30T14:58:03.346+0000] {logging_mixin.py:188} INFO - [2025-08-30T14:58:03.346+0000] {dag.py:3089} INFO - Sync 1 DAGs
[2025-08-30T14:58:03.368+0000] {logging_mixin.py:188} INFO - [2025-08-30T14:58:03.368+0000] {dag.py:3947} INFO - Setting next_dagrun for ml_pipeline_dag to 2025-08-23 16:00:00+00:00, run_after=2025-08-30 16:00:00+00:00
[2025-08-30T14:58:03.405+0000] {processor.py:183} INFO - Processing /opt/airflow/dags/ml_pipeline_dag.py took 0.116 seconds
[2025-08-30T14:58:36.411+0000] {processor.py:161} INFO - Started process (PID=172) to work on /opt/airflow/dags/ml_pipeline_dag.py
[2025-08-30T14:58:36.412+0000] {processor.py:830} INFO - Processing file /opt/airflow/dags/ml_pipeline_dag.py for tasks to queue
[2025-08-30T14:58:36.414+0000] {logging_mixin.py:188} INFO - [2025-08-30T14:58:36.413+0000] {dagbag.py:545} INFO - Filling up the DagBag from /opt/airflow/dags/ml_pipeline_dag.py
[2025-08-30T14:58:36.439+0000] {processor.py:840} INFO - DAG(s) 'ml_pipeline_dag' retrieved from /opt/airflow/dags/ml_pipeline_dag.py
[2025-08-30T14:58:36.467+0000] {logging_mixin.py:188} INFO - [2025-08-30T14:58:36.466+0000] {dag.py:3089} INFO - Sync 1 DAGs
[2025-08-30T14:58:36.488+0000] {logging_mixin.py:188} INFO - [2025-08-30T14:58:36.488+0000] {dag.py:3947} INFO - Setting next_dagrun for ml_pipeline_dag to 2025-08-23 16:00:00+00:00, run_after=2025-08-30 16:00:00+00:00
[2025-08-30T14:58:36.548+0000] {processor.py:183} INFO - Processing /opt/airflow/dags/ml_pipeline_dag.py took 0.142 seconds
[2025-08-30T14:59:08.561+0000] {processor.py:161} INFO - Started process (PID=173) to work on /opt/airflow/dags/ml_pipeline_dag.py
[2025-08-30T14:59:08.562+0000] {processor.py:830} INFO - Processing file /opt/airflow/dags/ml_pipeline_dag.py for tasks to queue
[2025-08-30T14:59:08.564+0000] {logging_mixin.py:188} INFO - [2025-08-30T14:59:08.563+0000] {dagbag.py:545} INFO - Filling up the DagBag from /opt/airflow/dags/ml_pipeline_dag.py
[2025-08-30T14:59:08.589+0000] {processor.py:840} INFO - DAG(s) 'ml_pipeline_dag' retrieved from /opt/airflow/dags/ml_pipeline_dag.py
[2025-08-30T14:59:08.614+0000] {logging_mixin.py:188} INFO - [2025-08-30T14:59:08.614+0000] {dag.py:3089} INFO - Sync 1 DAGs
[2025-08-30T14:59:08.633+0000] {logging_mixin.py:188} INFO - [2025-08-30T14:59:08.633+0000] {dag.py:3947} INFO - Setting next_dagrun for ml_pipeline_dag to 2025-08-23 16:00:00+00:00, run_after=2025-08-30 16:00:00+00:00
[2025-08-30T14:59:08.675+0000] {processor.py:183} INFO - Processing /opt/airflow/dags/ml_pipeline_dag.py took 0.118 seconds
[2025-08-30T14:59:41.672+0000] {processor.py:161} INFO - Started process (PID=174) to work on /opt/airflow/dags/ml_pipeline_dag.py
[2025-08-30T14:59:41.673+0000] {processor.py:830} INFO - Processing file /opt/airflow/dags/ml_pipeline_dag.py for tasks to queue
[2025-08-30T14:59:41.676+0000] {logging_mixin.py:188} INFO - [2025-08-30T14:59:41.675+0000] {dagbag.py:545} INFO - Filling up the DagBag from /opt/airflow/dags/ml_pipeline_dag.py
[2025-08-30T14:59:41.694+0000] {processor.py:840} INFO - DAG(s) 'ml_pipeline_dag' retrieved from /opt/airflow/dags/ml_pipeline_dag.py
[2025-08-30T14:59:41.724+0000] {logging_mixin.py:188} INFO - [2025-08-30T14:59:41.724+0000] {dag.py:3089} INFO - Sync 1 DAGs
[2025-08-30T14:59:41.751+0000] {logging_mixin.py:188} INFO - [2025-08-30T14:59:41.751+0000] {dag.py:3947} INFO - Setting next_dagrun for ml_pipeline_dag to 2025-08-23 16:00:00+00:00, run_after=2025-08-30 16:00:00+00:00
[2025-08-30T14:59:41.808+0000] {processor.py:183} INFO - Processing /opt/airflow/dags/ml_pipeline_dag.py took 0.140 seconds
[2025-08-30T15:00:14.707+0000] {processor.py:161} INFO - Started process (PID=175) to work on /opt/airflow/dags/ml_pipeline_dag.py
[2025-08-30T15:00:14.708+0000] {processor.py:830} INFO - Processing file /opt/airflow/dags/ml_pipeline_dag.py for tasks to queue
[2025-08-30T15:00:14.710+0000] {logging_mixin.py:188} INFO - [2025-08-30T15:00:14.710+0000] {dagbag.py:545} INFO - Filling up the DagBag from /opt/airflow/dags/ml_pipeline_dag.py
[2025-08-30T15:00:14.744+0000] {processor.py:840} INFO - DAG(s) 'ml_pipeline_dag' retrieved from /opt/airflow/dags/ml_pipeline_dag.py
[2025-08-30T15:00:14.778+0000] {logging_mixin.py:188} INFO - [2025-08-30T15:00:14.778+0000] {dag.py:3089} INFO - Sync 1 DAGs
[2025-08-30T15:00:14.799+0000] {logging_mixin.py:188} INFO - [2025-08-30T15:00:14.799+0000] {dag.py:3947} INFO - Setting next_dagrun for ml_pipeline_dag to 2025-08-23 16:00:00+00:00, run_after=2025-08-30 16:00:00+00:00
[2025-08-30T15:00:14.836+0000] {processor.py:183} INFO - Processing /opt/airflow/dags/ml_pipeline_dag.py took 0.133 seconds
[2025-08-30T15:00:46.752+0000] {processor.py:161} INFO - Started process (PID=176) to work on /opt/airflow/dags/ml_pipeline_dag.py
[2025-08-30T15:00:46.753+0000] {processor.py:830} INFO - Processing file /opt/airflow/dags/ml_pipeline_dag.py for tasks to queue
[2025-08-30T15:00:46.755+0000] {logging_mixin.py:188} INFO - [2025-08-30T15:00:46.754+0000] {dagbag.py:545} INFO - Filling up the DagBag from /opt/airflow/dags/ml_pipeline_dag.py
[2025-08-30T15:00:46.776+0000] {processor.py:840} INFO - DAG(s) 'ml_pipeline_dag' retrieved from /opt/airflow/dags/ml_pipeline_dag.py
[2025-08-30T15:00:46.804+0000] {logging_mixin.py:188} INFO - [2025-08-30T15:00:46.803+0000] {dag.py:3089} INFO - Sync 1 DAGs
[2025-08-30T15:00:46.825+0000] {logging_mixin.py:188} INFO - [2025-08-30T15:00:46.825+0000] {dag.py:3947} INFO - Setting next_dagrun for ml_pipeline_dag to 2025-08-23 16:00:00+00:00, run_after=2025-08-30 16:00:00+00:00
[2025-08-30T15:00:46.868+0000] {processor.py:183} INFO - Processing /opt/airflow/dags/ml_pipeline_dag.py took 0.120 seconds
[2025-08-30T15:01:15.529+0000] {processor.py:161} INFO - Started process (PID=177) to work on /opt/airflow/dags/ml_pipeline_dag.py
[2025-08-30T15:01:15.530+0000] {processor.py:830} INFO - Processing file /opt/airflow/dags/ml_pipeline_dag.py for tasks to queue
[2025-08-30T15:01:15.532+0000] {logging_mixin.py:188} INFO - [2025-08-30T15:01:15.532+0000] {dagbag.py:545} INFO - Filling up the DagBag from /opt/airflow/dags/ml_pipeline_dag.py
[2025-08-30T15:01:15.917+0000] {logging_mixin.py:188} INFO - [2025-08-30T15:01:15.912+0000] {dagbag.py:355} ERROR - Failed to import: /opt/airflow/dags/ml_pipeline_dag.py
Traceback (most recent call last):
  File "/home/airflow/.local/lib/python3.12/site-packages/airflow/models/dagbag.py", line 351, in parse
    loader.exec_module(new_module)
  File "<frozen importlib._bootstrap_external>", line 995, in exec_module
  File "<frozen importlib._bootstrap>", line 488, in _call_with_frames_removed
  File "/opt/airflow/dags/ml_pipeline_dag.py", line 13, in <module>
    from src import run_pipeline
  File "/opt/airflow/src/run_pipeline.py", line 1, in <module>
    from src.data_preprocessing import load_data, filter_data_scientist, preprocess_and_split
  File "/opt/airflow/src/data_preprocessing.py", line 2, in <module>
    from sklearn.model_selection import train_test_split
ModuleNotFoundError: No module named 'sklearn'
[2025-08-30T15:01:15.918+0000] {processor.py:842} WARNING - No viable dags retrieved from /opt/airflow/dags/ml_pipeline_dag.py
[2025-08-30T15:01:15.941+0000] {processor.py:183} INFO - Processing /opt/airflow/dags/ml_pipeline_dag.py took 0.816 seconds
[2025-08-30T15:01:46.574+0000] {processor.py:161} INFO - Started process (PID=179) to work on /opt/airflow/dags/ml_pipeline_dag.py
[2025-08-30T15:01:46.576+0000] {processor.py:830} INFO - Processing file /opt/airflow/dags/ml_pipeline_dag.py for tasks to queue
[2025-08-30T15:01:46.577+0000] {logging_mixin.py:188} INFO - [2025-08-30T15:01:46.577+0000] {dagbag.py:545} INFO - Filling up the DagBag from /opt/airflow/dags/ml_pipeline_dag.py
[2025-08-30T15:01:46.826+0000] {logging_mixin.py:188} INFO - [2025-08-30T15:01:46.820+0000] {dagbag.py:355} ERROR - Failed to import: /opt/airflow/dags/ml_pipeline_dag.py
Traceback (most recent call last):
  File "/home/airflow/.local/lib/python3.12/site-packages/airflow/models/dagbag.py", line 351, in parse
    loader.exec_module(new_module)
  File "<frozen importlib._bootstrap_external>", line 995, in exec_module
  File "<frozen importlib._bootstrap>", line 488, in _call_with_frames_removed
  File "/opt/airflow/dags/ml_pipeline_dag.py", line 13, in <module>
    from src import run_pipeline
  File "/opt/airflow/src/run_pipeline.py", line 1, in <module>
    from src.data_preprocessing import load_data, filter_data_scientist, preprocess_and_split
  File "/opt/airflow/src/data_preprocessing.py", line 2, in <module>
    from sklearn.model_selection import train_test_split
ModuleNotFoundError: No module named 'sklearn'
[2025-08-30T15:01:46.827+0000] {processor.py:842} WARNING - No viable dags retrieved from /opt/airflow/dags/ml_pipeline_dag.py
[2025-08-30T15:01:46.855+0000] {processor.py:183} INFO - Processing /opt/airflow/dags/ml_pipeline_dag.py took 0.285 seconds
[2025-08-30T15:02:04.470+0000] {processor.py:161} INFO - Started process (PID=77) to work on /opt/airflow/dags/ml_pipeline_dag.py
[2025-08-30T15:02:04.471+0000] {processor.py:830} INFO - Processing file /opt/airflow/dags/ml_pipeline_dag.py for tasks to queue
[2025-08-30T15:02:04.472+0000] {logging_mixin.py:188} INFO - [2025-08-30T15:02:04.472+0000] {dagbag.py:545} INFO - Filling up the DagBag from /opt/airflow/dags/ml_pipeline_dag.py
[2025-08-30T15:02:04.708+0000] {logging_mixin.py:188} INFO - [2025-08-30T15:02:04.702+0000] {dagbag.py:355} ERROR - Failed to import: /opt/airflow/dags/ml_pipeline_dag.py
Traceback (most recent call last):
  File "/home/airflow/.local/lib/python3.12/site-packages/airflow/models/dagbag.py", line 351, in parse
    loader.exec_module(new_module)
  File "<frozen importlib._bootstrap_external>", line 995, in exec_module
  File "<frozen importlib._bootstrap>", line 488, in _call_with_frames_removed
  File "/opt/airflow/dags/ml_pipeline_dag.py", line 13, in <module>
    from src import run_pipeline
  File "/opt/airflow/src/run_pipeline.py", line 1, in <module>
    from src.data_preprocessing import load_data, filter_data_scientist, preprocess_and_split
  File "/opt/airflow/src/data_preprocessing.py", line 2, in <module>
    from sklearn.model_selection import train_test_split
ModuleNotFoundError: No module named 'sklearn'
[2025-08-30T15:02:04.708+0000] {processor.py:842} WARNING - No viable dags retrieved from /opt/airflow/dags/ml_pipeline_dag.py
[2025-08-30T15:02:04.743+0000] {processor.py:183} INFO - Processing /opt/airflow/dags/ml_pipeline_dag.py took 0.278 seconds
[2025-08-30T15:02:35.572+0000] {processor.py:161} INFO - Started process (PID=102) to work on /opt/airflow/dags/ml_pipeline_dag.py
[2025-08-30T15:02:35.573+0000] {processor.py:830} INFO - Processing file /opt/airflow/dags/ml_pipeline_dag.py for tasks to queue
[2025-08-30T15:02:35.575+0000] {logging_mixin.py:188} INFO - [2025-08-30T15:02:35.575+0000] {dagbag.py:545} INFO - Filling up the DagBag from /opt/airflow/dags/ml_pipeline_dag.py
[2025-08-30T15:02:35.833+0000] {logging_mixin.py:188} INFO - [2025-08-30T15:02:35.829+0000] {dagbag.py:355} ERROR - Failed to import: /opt/airflow/dags/ml_pipeline_dag.py
Traceback (most recent call last):
  File "/home/airflow/.local/lib/python3.12/site-packages/airflow/models/dagbag.py", line 351, in parse
    loader.exec_module(new_module)
  File "<frozen importlib._bootstrap_external>", line 995, in exec_module
  File "<frozen importlib._bootstrap>", line 488, in _call_with_frames_removed
  File "/opt/airflow/dags/ml_pipeline_dag.py", line 13, in <module>
    from src import run_pipeline
  File "/opt/airflow/src/run_pipeline.py", line 1, in <module>
    from src.data_preprocessing import load_data, filter_data_scientist, preprocess_and_split
  File "/opt/airflow/src/data_preprocessing.py", line 2, in <module>
    from sklearn.model_selection import train_test_split
ModuleNotFoundError: No module named 'sklearn'
[2025-08-30T15:02:35.834+0000] {processor.py:842} WARNING - No viable dags retrieved from /opt/airflow/dags/ml_pipeline_dag.py
[2025-08-30T15:02:35.860+0000] {processor.py:183} INFO - Processing /opt/airflow/dags/ml_pipeline_dag.py took 0.293 seconds
[2025-08-30T15:03:06.654+0000] {processor.py:161} INFO - Started process (PID=104) to work on /opt/airflow/dags/ml_pipeline_dag.py
[2025-08-30T15:03:06.655+0000] {processor.py:830} INFO - Processing file /opt/airflow/dags/ml_pipeline_dag.py for tasks to queue
[2025-08-30T15:03:06.656+0000] {logging_mixin.py:188} INFO - [2025-08-30T15:03:06.655+0000] {dagbag.py:545} INFO - Filling up the DagBag from /opt/airflow/dags/ml_pipeline_dag.py
[2025-08-30T15:03:06.893+0000] {logging_mixin.py:188} INFO - [2025-08-30T15:03:06.887+0000] {dagbag.py:355} ERROR - Failed to import: /opt/airflow/dags/ml_pipeline_dag.py
Traceback (most recent call last):
  File "/home/airflow/.local/lib/python3.12/site-packages/airflow/models/dagbag.py", line 351, in parse
    loader.exec_module(new_module)
  File "<frozen importlib._bootstrap_external>", line 995, in exec_module
  File "<frozen importlib._bootstrap>", line 488, in _call_with_frames_removed
  File "/opt/airflow/dags/ml_pipeline_dag.py", line 13, in <module>
    from src import run_pipeline
  File "/opt/airflow/src/run_pipeline.py", line 1, in <module>
    from src.data_preprocessing import load_data, filter_data_scientist, preprocess_and_split
  File "/opt/airflow/src/data_preprocessing.py", line 2, in <module>
    from sklearn.model_selection import train_test_split
ModuleNotFoundError: No module named 'sklearn'
[2025-08-30T15:03:06.893+0000] {processor.py:842} WARNING - No viable dags retrieved from /opt/airflow/dags/ml_pipeline_dag.py
[2025-08-30T15:03:06.918+0000] {processor.py:183} INFO - Processing /opt/airflow/dags/ml_pipeline_dag.py took 0.268 seconds
[2025-08-30T15:03:37.981+0000] {processor.py:161} INFO - Started process (PID=106) to work on /opt/airflow/dags/ml_pipeline_dag.py
[2025-08-30T15:03:37.982+0000] {processor.py:830} INFO - Processing file /opt/airflow/dags/ml_pipeline_dag.py for tasks to queue
[2025-08-30T15:03:37.983+0000] {logging_mixin.py:188} INFO - [2025-08-30T15:03:37.982+0000] {dagbag.py:545} INFO - Filling up the DagBag from /opt/airflow/dags/ml_pipeline_dag.py
[2025-08-30T15:03:38.228+0000] {logging_mixin.py:188} INFO - [2025-08-30T15:03:38.223+0000] {dagbag.py:355} ERROR - Failed to import: /opt/airflow/dags/ml_pipeline_dag.py
Traceback (most recent call last):
  File "/home/airflow/.local/lib/python3.12/site-packages/airflow/models/dagbag.py", line 351, in parse
    loader.exec_module(new_module)
  File "<frozen importlib._bootstrap_external>", line 995, in exec_module
  File "<frozen importlib._bootstrap>", line 488, in _call_with_frames_removed
  File "/opt/airflow/dags/ml_pipeline_dag.py", line 13, in <module>
    from src import run_pipeline
  File "/opt/airflow/src/run_pipeline.py", line 1, in <module>
    from src.data_preprocessing import load_data, filter_data_scientist, preprocess_and_split
  File "/opt/airflow/src/data_preprocessing.py", line 2, in <module>
    from sklearn.model_selection import train_test_split
ModuleNotFoundError: No module named 'sklearn'
[2025-08-30T15:03:38.229+0000] {processor.py:842} WARNING - No viable dags retrieved from /opt/airflow/dags/ml_pipeline_dag.py
[2025-08-30T15:03:38.255+0000] {processor.py:183} INFO - Processing /opt/airflow/dags/ml_pipeline_dag.py took 0.279 seconds
[2025-08-30T15:04:08.974+0000] {processor.py:161} INFO - Started process (PID=108) to work on /opt/airflow/dags/ml_pipeline_dag.py
[2025-08-30T15:04:08.975+0000] {processor.py:830} INFO - Processing file /opt/airflow/dags/ml_pipeline_dag.py for tasks to queue
[2025-08-30T15:04:08.976+0000] {logging_mixin.py:188} INFO - [2025-08-30T15:04:08.975+0000] {dagbag.py:545} INFO - Filling up the DagBag from /opt/airflow/dags/ml_pipeline_dag.py
[2025-08-30T15:04:09.204+0000] {logging_mixin.py:188} INFO - [2025-08-30T15:04:09.199+0000] {dagbag.py:355} ERROR - Failed to import: /opt/airflow/dags/ml_pipeline_dag.py
Traceback (most recent call last):
  File "/home/airflow/.local/lib/python3.12/site-packages/airflow/models/dagbag.py", line 351, in parse
    loader.exec_module(new_module)
  File "<frozen importlib._bootstrap_external>", line 995, in exec_module
  File "<frozen importlib._bootstrap>", line 488, in _call_with_frames_removed
  File "/opt/airflow/dags/ml_pipeline_dag.py", line 13, in <module>
    from src import run_pipeline
  File "/opt/airflow/src/run_pipeline.py", line 1, in <module>
    from src.data_preprocessing import load_data, filter_data_scientist, preprocess_and_split
  File "/opt/airflow/src/data_preprocessing.py", line 2, in <module>
    from sklearn.model_selection import train_test_split
ModuleNotFoundError: No module named 'sklearn'
[2025-08-30T15:04:09.205+0000] {processor.py:842} WARNING - No viable dags retrieved from /opt/airflow/dags/ml_pipeline_dag.py
[2025-08-30T15:04:09.238+0000] {processor.py:183} INFO - Processing /opt/airflow/dags/ml_pipeline_dag.py took 0.268 seconds
[2025-08-30T15:04:41.118+0000] {processor.py:161} INFO - Started process (PID=33) to work on /opt/airflow/dags/ml_pipeline_dag.py
[2025-08-30T15:04:41.119+0000] {processor.py:830} INFO - Processing file /opt/airflow/dags/ml_pipeline_dag.py for tasks to queue
[2025-08-30T15:04:41.121+0000] {logging_mixin.py:188} INFO - [2025-08-30T15:04:41.121+0000] {dagbag.py:545} INFO - Filling up the DagBag from /opt/airflow/dags/ml_pipeline_dag.py
[2025-08-30T15:04:42.097+0000] {processor.py:840} INFO - DAG(s) 'ml_pipeline_dag' retrieved from /opt/airflow/dags/ml_pipeline_dag.py
[2025-08-30T15:04:42.253+0000] {logging_mixin.py:188} INFO - [2025-08-30T15:04:42.253+0000] {dag.py:3089} INFO - Sync 1 DAGs
[2025-08-30T15:04:42.272+0000] {logging_mixin.py:188} INFO - [2025-08-30T15:04:42.271+0000] {dag.py:3947} INFO - Setting next_dagrun for ml_pipeline_dag to 2025-08-23 16:00:00+00:00, run_after=2025-08-30 16:00:00+00:00
[2025-08-30T15:04:42.313+0000] {processor.py:183} INFO - Processing /opt/airflow/dags/ml_pipeline_dag.py took 1.200 seconds
[2025-08-30T15:05:20.471+0000] {processor.py:161} INFO - Started process (PID=2266) to work on /opt/airflow/dags/ml_pipeline_dag.py
[2025-08-30T15:05:20.479+0000] {processor.py:830} INFO - Processing file /opt/airflow/dags/ml_pipeline_dag.py for tasks to queue
[2025-08-30T15:05:20.486+0000] {logging_mixin.py:188} INFO - [2025-08-30T15:05:20.485+0000] {dagbag.py:545} INFO - Filling up the DagBag from /opt/airflow/dags/ml_pipeline_dag.py
[2025-08-30T15:05:28.864+0000] {processor.py:840} INFO - DAG(s) 'ml_pipeline_dag' retrieved from /opt/airflow/dags/ml_pipeline_dag.py
[2025-08-30T15:05:28.998+0000] {logging_mixin.py:188} INFO - [2025-08-30T15:05:28.997+0000] {dag.py:3089} INFO - Sync 1 DAGs
[2025-08-30T15:05:29.084+0000] {logging_mixin.py:188} INFO - [2025-08-30T15:05:29.083+0000] {dag.py:3947} INFO - Setting next_dagrun for ml_pipeline_dag to 2025-08-23 16:00:00+00:00, run_after=2025-08-30 16:00:00+00:00
[2025-08-30T15:05:29.382+0000] {processor.py:183} INFO - Processing /opt/airflow/dags/ml_pipeline_dag.py took 8.940 seconds
[2025-08-30T15:06:00.478+0000] {processor.py:161} INFO - Started process (PID=6975) to work on /opt/airflow/dags/ml_pipeline_dag.py
[2025-08-30T15:06:00.479+0000] {processor.py:830} INFO - Processing file /opt/airflow/dags/ml_pipeline_dag.py for tasks to queue
[2025-08-30T15:06:00.489+0000] {logging_mixin.py:188} INFO - [2025-08-30T15:06:00.481+0000] {dagbag.py:545} INFO - Filling up the DagBag from /opt/airflow/dags/ml_pipeline_dag.py
[2025-08-30T15:06:19.522+0000] {processor.py:840} INFO - DAG(s) 'ml_pipeline_dag' retrieved from /opt/airflow/dags/ml_pipeline_dag.py
[2025-08-30T15:06:19.645+0000] {logging_mixin.py:188} INFO - [2025-08-30T15:06:19.645+0000] {dag.py:3089} INFO - Sync 1 DAGs
[2025-08-30T15:06:19.710+0000] {logging_mixin.py:188} INFO - [2025-08-30T15:06:19.709+0000] {dag.py:3947} INFO - Setting next_dagrun for ml_pipeline_dag to 2025-08-23 16:00:00+00:00, run_after=2025-08-30 16:00:00+00:00
[2025-08-30T15:06:19.845+0000] {processor.py:183} INFO - Processing /opt/airflow/dags/ml_pipeline_dag.py took 16.664 seconds
[2025-08-30T15:19:43.007+0000] {processor.py:161} INFO - Started process (PID=82447) to work on /opt/airflow/dags/ml_pipeline_dag.py
[2025-08-30T15:19:43.008+0000] {processor.py:830} INFO - Processing file /opt/airflow/dags/ml_pipeline_dag.py for tasks to queue
[2025-08-30T15:19:43.013+0000] {logging_mixin.py:188} INFO - [2025-08-30T15:19:43.010+0000] {dagbag.py:545} INFO - Filling up the DagBag from /opt/airflow/dags/ml_pipeline_dag.py
[2025-08-30T15:19:43.065+0000] {processor.py:840} INFO - DAG(s) 'ml_pipeline_dag' retrieved from /opt/airflow/dags/ml_pipeline_dag.py
[2025-08-30T15:19:43.537+0000] {logging_mixin.py:188} INFO - [2025-08-30T15:19:43.537+0000] {dag.py:3089} INFO - Sync 1 DAGs
[2025-08-30T15:19:43.573+0000] {logging_mixin.py:188} INFO - [2025-08-30T15:19:43.573+0000] {dag.py:3947} INFO - Setting next_dagrun for ml_pipeline_dag to 2025-08-23 16:00:00+00:00, run_after=2025-08-30 16:00:00+00:00
[2025-08-30T15:19:43.644+0000] {processor.py:183} INFO - Processing /opt/airflow/dags/ml_pipeline_dag.py took 0.641 seconds
[2025-08-30T15:20:14.764+0000] {processor.py:161} INFO - Started process (PID=82578) to work on /opt/airflow/dags/ml_pipeline_dag.py
[2025-08-30T15:20:14.765+0000] {processor.py:830} INFO - Processing file /opt/airflow/dags/ml_pipeline_dag.py for tasks to queue
[2025-08-30T15:20:14.766+0000] {logging_mixin.py:188} INFO - [2025-08-30T15:20:14.766+0000] {dagbag.py:545} INFO - Filling up the DagBag from /opt/airflow/dags/ml_pipeline_dag.py
[2025-08-30T15:20:14.786+0000] {processor.py:840} INFO - DAG(s) 'ml_pipeline_dag' retrieved from /opt/airflow/dags/ml_pipeline_dag.py
[2025-08-30T15:20:14.825+0000] {logging_mixin.py:188} INFO - [2025-08-30T15:20:14.825+0000] {dag.py:3089} INFO - Sync 1 DAGs
[2025-08-30T15:20:14.853+0000] {logging_mixin.py:188} INFO - [2025-08-30T15:20:14.853+0000] {dag.py:3947} INFO - Setting next_dagrun for ml_pipeline_dag to 2025-08-23 16:00:00+00:00, run_after=2025-08-30 16:00:00+00:00
[2025-08-30T15:20:14.901+0000] {processor.py:183} INFO - Processing /opt/airflow/dags/ml_pipeline_dag.py took 0.142 seconds
[2025-08-30T15:20:45.825+0000] {processor.py:161} INFO - Started process (PID=82579) to work on /opt/airflow/dags/ml_pipeline_dag.py
[2025-08-30T15:20:45.826+0000] {processor.py:830} INFO - Processing file /opt/airflow/dags/ml_pipeline_dag.py for tasks to queue
[2025-08-30T15:20:45.827+0000] {logging_mixin.py:188} INFO - [2025-08-30T15:20:45.827+0000] {dagbag.py:545} INFO - Filling up the DagBag from /opt/airflow/dags/ml_pipeline_dag.py
[2025-08-30T15:20:45.846+0000] {processor.py:840} INFO - DAG(s) 'ml_pipeline_dag' retrieved from /opt/airflow/dags/ml_pipeline_dag.py
[2025-08-30T15:20:45.878+0000] {logging_mixin.py:188} INFO - [2025-08-30T15:20:45.877+0000] {dag.py:3089} INFO - Sync 1 DAGs
[2025-08-30T15:20:45.900+0000] {logging_mixin.py:188} INFO - [2025-08-30T15:20:45.900+0000] {dag.py:3947} INFO - Setting next_dagrun for ml_pipeline_dag to 2025-08-23 16:00:00+00:00, run_after=2025-08-30 16:00:00+00:00
[2025-08-30T15:20:45.948+0000] {processor.py:183} INFO - Processing /opt/airflow/dags/ml_pipeline_dag.py took 0.128 seconds
[2025-08-30T15:21:16.106+0000] {processor.py:161} INFO - Started process (PID=82580) to work on /opt/airflow/dags/ml_pipeline_dag.py
[2025-08-30T15:21:16.108+0000] {processor.py:830} INFO - Processing file /opt/airflow/dags/ml_pipeline_dag.py for tasks to queue
[2025-08-30T15:21:16.109+0000] {logging_mixin.py:188} INFO - [2025-08-30T15:21:16.108+0000] {dagbag.py:545} INFO - Filling up the DagBag from /opt/airflow/dags/ml_pipeline_dag.py
[2025-08-30T15:21:16.132+0000] {processor.py:840} INFO - DAG(s) 'ml_pipeline_dag' retrieved from /opt/airflow/dags/ml_pipeline_dag.py
[2025-08-30T15:21:16.167+0000] {logging_mixin.py:188} INFO - [2025-08-30T15:21:16.167+0000] {dag.py:3089} INFO - Sync 1 DAGs
[2025-08-30T15:21:16.192+0000] {logging_mixin.py:188} INFO - [2025-08-30T15:21:16.192+0000] {dag.py:3947} INFO - Setting next_dagrun for ml_pipeline_dag to 2025-08-23 16:00:00+00:00, run_after=2025-08-30 16:00:00+00:00
[2025-08-30T15:21:16.243+0000] {processor.py:183} INFO - Processing /opt/airflow/dags/ml_pipeline_dag.py took 0.141 seconds
[2025-08-30T15:21:57.651+0000] {processor.py:161} INFO - Started process (PID=33) to work on /opt/airflow/dags/ml_pipeline_dag.py
[2025-08-30T15:21:57.652+0000] {processor.py:830} INFO - Processing file /opt/airflow/dags/ml_pipeline_dag.py for tasks to queue
[2025-08-30T15:21:57.654+0000] {logging_mixin.py:188} INFO - [2025-08-30T15:21:57.653+0000] {dagbag.py:545} INFO - Filling up the DagBag from /opt/airflow/dags/ml_pipeline_dag.py
[2025-08-30T15:21:57.678+0000] {processor.py:840} INFO - DAG(s) 'ml_pipeline_dag' retrieved from /opt/airflow/dags/ml_pipeline_dag.py
[2025-08-30T15:21:57.758+0000] {logging_mixin.py:188} INFO - [2025-08-30T15:21:57.758+0000] {dag.py:3089} INFO - Sync 1 DAGs
[2025-08-30T15:21:57.778+0000] {logging_mixin.py:188} INFO - [2025-08-30T15:21:57.777+0000] {dag.py:3947} INFO - Setting next_dagrun for ml_pipeline_dag to 2025-08-23 16:00:00+00:00, run_after=2025-08-30 16:00:00+00:00
[2025-08-30T15:21:57.821+0000] {processor.py:183} INFO - Processing /opt/airflow/dags/ml_pipeline_dag.py took 0.174 seconds
[2025-08-30T15:22:28.857+0000] {processor.py:161} INFO - Started process (PID=34) to work on /opt/airflow/dags/ml_pipeline_dag.py
[2025-08-30T15:22:28.858+0000] {processor.py:830} INFO - Processing file /opt/airflow/dags/ml_pipeline_dag.py for tasks to queue
[2025-08-30T15:22:28.860+0000] {logging_mixin.py:188} INFO - [2025-08-30T15:22:28.860+0000] {dagbag.py:545} INFO - Filling up the DagBag from /opt/airflow/dags/ml_pipeline_dag.py
[2025-08-30T15:22:28.881+0000] {processor.py:840} INFO - DAG(s) 'ml_pipeline_dag' retrieved from /opt/airflow/dags/ml_pipeline_dag.py
[2025-08-30T15:22:28.913+0000] {logging_mixin.py:188} INFO - [2025-08-30T15:22:28.913+0000] {dag.py:3089} INFO - Sync 1 DAGs
[2025-08-30T15:22:28.941+0000] {logging_mixin.py:188} INFO - [2025-08-30T15:22:28.940+0000] {dag.py:3947} INFO - Setting next_dagrun for ml_pipeline_dag to 2025-08-23 16:00:00+00:00, run_after=2025-08-30 16:00:00+00:00
[2025-08-30T15:22:28.995+0000] {processor.py:183} INFO - Processing /opt/airflow/dags/ml_pipeline_dag.py took 0.144 seconds
[2025-08-30T15:23:09.369+0000] {processor.py:161} INFO - Started process (PID=33) to work on /opt/airflow/dags/ml_pipeline_dag.py
[2025-08-30T15:23:09.370+0000] {processor.py:830} INFO - Processing file /opt/airflow/dags/ml_pipeline_dag.py for tasks to queue
[2025-08-30T15:23:09.371+0000] {logging_mixin.py:188} INFO - [2025-08-30T15:23:09.371+0000] {dagbag.py:545} INFO - Filling up the DagBag from /opt/airflow/dags/ml_pipeline_dag.py
[2025-08-30T15:23:09.403+0000] {processor.py:840} INFO - DAG(s) 'ml_pipeline_dag' retrieved from /opt/airflow/dags/ml_pipeline_dag.py
[2025-08-30T15:23:09.417+0000] {logging_mixin.py:188} INFO - [2025-08-30T15:23:09.417+0000] {dag.py:3089} INFO - Sync 1 DAGs
[2025-08-30T15:23:09.442+0000] {logging_mixin.py:188} INFO - [2025-08-30T15:23:09.442+0000] {dag.py:3947} INFO - Setting next_dagrun for ml_pipeline_dag to 2025-08-23 16:00:00+00:00, run_after=2025-08-30 16:00:00+00:00
[2025-08-30T15:23:09.485+0000] {processor.py:183} INFO - Processing /opt/airflow/dags/ml_pipeline_dag.py took 0.121 seconds
[2025-08-30T15:23:41.500+0000] {processor.py:161} INFO - Started process (PID=34) to work on /opt/airflow/dags/ml_pipeline_dag.py
[2025-08-30T15:23:41.501+0000] {processor.py:830} INFO - Processing file /opt/airflow/dags/ml_pipeline_dag.py for tasks to queue
[2025-08-30T15:23:41.503+0000] {logging_mixin.py:188} INFO - [2025-08-30T15:23:41.503+0000] {dagbag.py:545} INFO - Filling up the DagBag from /opt/airflow/dags/ml_pipeline_dag.py
[2025-08-30T15:23:41.522+0000] {processor.py:840} INFO - DAG(s) 'ml_pipeline_dag' retrieved from /opt/airflow/dags/ml_pipeline_dag.py
[2025-08-30T15:23:41.710+0000] {logging_mixin.py:188} INFO - [2025-08-30T15:23:41.710+0000] {dag.py:3089} INFO - Sync 1 DAGs
[2025-08-30T15:23:41.729+0000] {logging_mixin.py:188} INFO - [2025-08-30T15:23:41.729+0000] {dag.py:3947} INFO - Setting next_dagrun for ml_pipeline_dag to 2025-08-23 16:00:00+00:00, run_after=2025-08-30 16:00:00+00:00
[2025-08-30T15:23:41.770+0000] {processor.py:183} INFO - Processing /opt/airflow/dags/ml_pipeline_dag.py took 0.274 seconds
[2025-08-30T15:24:14.714+0000] {processor.py:161} INFO - Started process (PID=35) to work on /opt/airflow/dags/ml_pipeline_dag.py
[2025-08-30T15:24:14.716+0000] {processor.py:830} INFO - Processing file /opt/airflow/dags/ml_pipeline_dag.py for tasks to queue
[2025-08-30T15:24:14.718+0000] {logging_mixin.py:188} INFO - [2025-08-30T15:24:14.718+0000] {dagbag.py:545} INFO - Filling up the DagBag from /opt/airflow/dags/ml_pipeline_dag.py
[2025-08-30T15:24:14.752+0000] {processor.py:840} INFO - DAG(s) 'ml_pipeline_dag' retrieved from /opt/airflow/dags/ml_pipeline_dag.py
[2025-08-30T15:24:14.780+0000] {logging_mixin.py:188} INFO - [2025-08-30T15:24:14.780+0000] {dag.py:3089} INFO - Sync 1 DAGs
[2025-08-30T15:24:14.806+0000] {logging_mixin.py:188} INFO - [2025-08-30T15:24:14.805+0000] {dag.py:3947} INFO - Setting next_dagrun for ml_pipeline_dag to 2025-08-23 16:00:00+00:00, run_after=2025-08-30 16:00:00+00:00
[2025-08-30T15:24:14.855+0000] {processor.py:183} INFO - Processing /opt/airflow/dags/ml_pipeline_dag.py took 0.147 seconds
[2025-08-30T15:24:37.900+0000] {processor.py:161} INFO - Started process (PID=33) to work on /opt/airflow/dags/ml_pipeline_dag.py
[2025-08-30T15:24:37.902+0000] {processor.py:830} INFO - Processing file /opt/airflow/dags/ml_pipeline_dag.py for tasks to queue
[2025-08-30T15:24:37.903+0000] {logging_mixin.py:188} INFO - [2025-08-30T15:24:37.903+0000] {dagbag.py:545} INFO - Filling up the DagBag from /opt/airflow/dags/ml_pipeline_dag.py
[2025-08-30T15:24:37.933+0000] {processor.py:840} INFO - DAG(s) 'ml_pipeline_dag' retrieved from /opt/airflow/dags/ml_pipeline_dag.py
[2025-08-30T15:24:37.947+0000] {logging_mixin.py:188} INFO - [2025-08-30T15:24:37.947+0000] {dag.py:3089} INFO - Sync 1 DAGs
[2025-08-30T15:24:37.973+0000] {logging_mixin.py:188} INFO - [2025-08-30T15:24:37.973+0000] {dag.py:3947} INFO - Setting next_dagrun for ml_pipeline_dag to 2025-08-23 16:00:00+00:00, run_after=2025-08-30 16:00:00+00:00
[2025-08-30T15:24:38.027+0000] {processor.py:183} INFO - Processing /opt/airflow/dags/ml_pipeline_dag.py took 0.132 seconds
[2025-08-30T15:25:08.123+0000] {processor.py:161} INFO - Started process (PID=132) to work on /opt/airflow/dags/ml_pipeline_dag.py
[2025-08-30T15:25:08.124+0000] {processor.py:830} INFO - Processing file /opt/airflow/dags/ml_pipeline_dag.py for tasks to queue
[2025-08-30T15:25:08.126+0000] {logging_mixin.py:188} INFO - [2025-08-30T15:25:08.126+0000] {dagbag.py:545} INFO - Filling up the DagBag from /opt/airflow/dags/ml_pipeline_dag.py
[2025-08-30T15:25:08.147+0000] {processor.py:840} INFO - DAG(s) 'ml_pipeline_dag' retrieved from /opt/airflow/dags/ml_pipeline_dag.py
[2025-08-30T15:25:08.326+0000] {logging_mixin.py:188} INFO - [2025-08-30T15:25:08.326+0000] {dag.py:3089} INFO - Sync 1 DAGs
[2025-08-30T15:25:08.344+0000] {logging_mixin.py:188} INFO - [2025-08-30T15:25:08.344+0000] {dag.py:3947} INFO - Setting next_dagrun for ml_pipeline_dag to 2025-08-23 16:00:00+00:00, run_after=2025-08-30 16:00:00+00:00
[2025-08-30T15:25:08.393+0000] {processor.py:183} INFO - Processing /opt/airflow/dags/ml_pipeline_dag.py took 0.275 seconds
[2025-08-30T15:25:38.674+0000] {processor.py:161} INFO - Started process (PID=133) to work on /opt/airflow/dags/ml_pipeline_dag.py
[2025-08-30T15:25:38.675+0000] {processor.py:830} INFO - Processing file /opt/airflow/dags/ml_pipeline_dag.py for tasks to queue
[2025-08-30T15:25:38.677+0000] {logging_mixin.py:188} INFO - [2025-08-30T15:25:38.677+0000] {dagbag.py:545} INFO - Filling up the DagBag from /opt/airflow/dags/ml_pipeline_dag.py
[2025-08-30T15:25:38.708+0000] {processor.py:840} INFO - DAG(s) 'ml_pipeline_dag' retrieved from /opt/airflow/dags/ml_pipeline_dag.py
[2025-08-30T15:25:38.742+0000] {logging_mixin.py:188} INFO - [2025-08-30T15:25:38.742+0000] {dag.py:3089} INFO - Sync 1 DAGs
[2025-08-30T15:25:38.766+0000] {logging_mixin.py:188} INFO - [2025-08-30T15:25:38.766+0000] {dag.py:3947} INFO - Setting next_dagrun for ml_pipeline_dag to 2025-08-23 16:00:00+00:00, run_after=2025-08-30 16:00:00+00:00
[2025-08-30T15:25:38.812+0000] {processor.py:183} INFO - Processing /opt/airflow/dags/ml_pipeline_dag.py took 0.142 seconds
[2025-08-30T15:26:08.894+0000] {processor.py:161} INFO - Started process (PID=134) to work on /opt/airflow/dags/ml_pipeline_dag.py
[2025-08-30T15:26:08.895+0000] {processor.py:830} INFO - Processing file /opt/airflow/dags/ml_pipeline_dag.py for tasks to queue
[2025-08-30T15:26:08.897+0000] {logging_mixin.py:188} INFO - [2025-08-30T15:26:08.897+0000] {dagbag.py:545} INFO - Filling up the DagBag from /opt/airflow/dags/ml_pipeline_dag.py
[2025-08-30T15:26:08.921+0000] {processor.py:840} INFO - DAG(s) 'ml_pipeline_dag' retrieved from /opt/airflow/dags/ml_pipeline_dag.py
[2025-08-30T15:26:08.949+0000] {logging_mixin.py:188} INFO - [2025-08-30T15:26:08.949+0000] {dag.py:3089} INFO - Sync 1 DAGs
[2025-08-30T15:26:08.972+0000] {logging_mixin.py:188} INFO - [2025-08-30T15:26:08.971+0000] {dag.py:3947} INFO - Setting next_dagrun for ml_pipeline_dag to 2025-08-23 16:00:00+00:00, run_after=2025-08-30 16:00:00+00:00
[2025-08-30T15:26:09.032+0000] {processor.py:183} INFO - Processing /opt/airflow/dags/ml_pipeline_dag.py took 0.142 seconds
[2025-08-30T15:26:39.982+0000] {processor.py:161} INFO - Started process (PID=135) to work on /opt/airflow/dags/ml_pipeline_dag.py
[2025-08-30T15:26:39.983+0000] {processor.py:830} INFO - Processing file /opt/airflow/dags/ml_pipeline_dag.py for tasks to queue
[2025-08-30T15:26:39.985+0000] {logging_mixin.py:188} INFO - [2025-08-30T15:26:39.985+0000] {dagbag.py:545} INFO - Filling up the DagBag from /opt/airflow/dags/ml_pipeline_dag.py
[2025-08-30T15:26:40.002+0000] {processor.py:840} INFO - DAG(s) 'ml_pipeline_dag' retrieved from /opt/airflow/dags/ml_pipeline_dag.py
[2025-08-30T15:26:40.031+0000] {logging_mixin.py:188} INFO - [2025-08-30T15:26:40.031+0000] {dag.py:3089} INFO - Sync 1 DAGs
[2025-08-30T15:26:40.054+0000] {logging_mixin.py:188} INFO - [2025-08-30T15:26:40.054+0000] {dag.py:3947} INFO - Setting next_dagrun for ml_pipeline_dag to 2025-08-23 16:00:00+00:00, run_after=2025-08-30 16:00:00+00:00
[2025-08-30T15:26:40.100+0000] {processor.py:183} INFO - Processing /opt/airflow/dags/ml_pipeline_dag.py took 0.122 seconds
[2025-08-30T15:27:10.976+0000] {processor.py:161} INFO - Started process (PID=136) to work on /opt/airflow/dags/ml_pipeline_dag.py
[2025-08-30T15:27:10.977+0000] {processor.py:830} INFO - Processing file /opt/airflow/dags/ml_pipeline_dag.py for tasks to queue
[2025-08-30T15:27:10.978+0000] {logging_mixin.py:188} INFO - [2025-08-30T15:27:10.978+0000] {dagbag.py:545} INFO - Filling up the DagBag from /opt/airflow/dags/ml_pipeline_dag.py
[2025-08-30T15:27:11.005+0000] {processor.py:840} INFO - DAG(s) 'ml_pipeline_dag' retrieved from /opt/airflow/dags/ml_pipeline_dag.py
[2025-08-30T15:27:11.034+0000] {logging_mixin.py:188} INFO - [2025-08-30T15:27:11.034+0000] {dag.py:3089} INFO - Sync 1 DAGs
[2025-08-30T15:27:11.055+0000] {logging_mixin.py:188} INFO - [2025-08-30T15:27:11.054+0000] {dag.py:3947} INFO - Setting next_dagrun for ml_pipeline_dag to 2025-08-23 16:00:00+00:00, run_after=2025-08-30 16:00:00+00:00
[2025-08-30T15:27:11.092+0000] {processor.py:183} INFO - Processing /opt/airflow/dags/ml_pipeline_dag.py took 0.121 seconds
[2025-08-30T15:27:41.952+0000] {processor.py:161} INFO - Started process (PID=151) to work on /opt/airflow/dags/ml_pipeline_dag.py
[2025-08-30T15:27:41.953+0000] {processor.py:830} INFO - Processing file /opt/airflow/dags/ml_pipeline_dag.py for tasks to queue
[2025-08-30T15:27:41.955+0000] {logging_mixin.py:188} INFO - [2025-08-30T15:27:41.954+0000] {dagbag.py:545} INFO - Filling up the DagBag from /opt/airflow/dags/ml_pipeline_dag.py
[2025-08-30T15:27:41.977+0000] {processor.py:840} INFO - DAG(s) 'ml_pipeline_dag' retrieved from /opt/airflow/dags/ml_pipeline_dag.py
[2025-08-30T15:27:42.004+0000] {logging_mixin.py:188} INFO - [2025-08-30T15:27:42.003+0000] {dag.py:3089} INFO - Sync 1 DAGs
[2025-08-30T15:27:42.026+0000] {logging_mixin.py:188} INFO - [2025-08-30T15:27:42.026+0000] {dag.py:3947} INFO - Setting next_dagrun for ml_pipeline_dag to 2025-08-23 16:00:00+00:00, run_after=2025-08-30 16:00:00+00:00
[2025-08-30T15:27:42.072+0000] {processor.py:183} INFO - Processing /opt/airflow/dags/ml_pipeline_dag.py took 0.125 seconds
[2025-08-30T15:28:12.482+0000] {processor.py:161} INFO - Started process (PID=188) to work on /opt/airflow/dags/ml_pipeline_dag.py
[2025-08-30T15:28:12.483+0000] {processor.py:830} INFO - Processing file /opt/airflow/dags/ml_pipeline_dag.py for tasks to queue
[2025-08-30T15:28:12.485+0000] {logging_mixin.py:188} INFO - [2025-08-30T15:28:12.484+0000] {dagbag.py:545} INFO - Filling up the DagBag from /opt/airflow/dags/ml_pipeline_dag.py
[2025-08-30T15:28:12.504+0000] {processor.py:840} INFO - DAG(s) 'ml_pipeline_dag' retrieved from /opt/airflow/dags/ml_pipeline_dag.py
[2025-08-30T15:28:12.533+0000] {logging_mixin.py:188} INFO - [2025-08-30T15:28:12.532+0000] {dag.py:3089} INFO - Sync 1 DAGs
[2025-08-30T15:28:12.555+0000] {logging_mixin.py:188} INFO - [2025-08-30T15:28:12.555+0000] {dag.py:3947} INFO - Setting next_dagrun for ml_pipeline_dag to 2025-08-23 16:00:00+00:00, run_after=2025-08-30 16:00:00+00:00
[2025-08-30T15:28:12.602+0000] {processor.py:183} INFO - Processing /opt/airflow/dags/ml_pipeline_dag.py took 0.125 seconds
[2025-08-30T15:28:43.001+0000] {processor.py:161} INFO - Started process (PID=189) to work on /opt/airflow/dags/ml_pipeline_dag.py
[2025-08-30T15:28:43.002+0000] {processor.py:830} INFO - Processing file /opt/airflow/dags/ml_pipeline_dag.py for tasks to queue
[2025-08-30T15:28:43.004+0000] {logging_mixin.py:188} INFO - [2025-08-30T15:28:43.003+0000] {dagbag.py:545} INFO - Filling up the DagBag from /opt/airflow/dags/ml_pipeline_dag.py
[2025-08-30T15:28:43.020+0000] {processor.py:840} INFO - DAG(s) 'ml_pipeline_dag' retrieved from /opt/airflow/dags/ml_pipeline_dag.py
[2025-08-30T15:28:43.046+0000] {logging_mixin.py:188} INFO - [2025-08-30T15:28:43.045+0000] {dag.py:3089} INFO - Sync 1 DAGs
[2025-08-30T15:28:43.066+0000] {logging_mixin.py:188} INFO - [2025-08-30T15:28:43.065+0000] {dag.py:3947} INFO - Setting next_dagrun for ml_pipeline_dag to 2025-08-23 16:00:00+00:00, run_after=2025-08-30 16:00:00+00:00
[2025-08-30T15:28:43.100+0000] {processor.py:183} INFO - Processing /opt/airflow/dags/ml_pipeline_dag.py took 0.103 seconds
[2025-08-30T15:29:13.276+0000] {processor.py:161} INFO - Started process (PID=190) to work on /opt/airflow/dags/ml_pipeline_dag.py
[2025-08-30T15:29:13.277+0000] {processor.py:830} INFO - Processing file /opt/airflow/dags/ml_pipeline_dag.py for tasks to queue
[2025-08-30T15:29:13.279+0000] {logging_mixin.py:188} INFO - [2025-08-30T15:29:13.278+0000] {dagbag.py:545} INFO - Filling up the DagBag from /opt/airflow/dags/ml_pipeline_dag.py
[2025-08-30T15:29:13.299+0000] {processor.py:840} INFO - DAG(s) 'ml_pipeline_dag' retrieved from /opt/airflow/dags/ml_pipeline_dag.py
[2025-08-30T15:29:13.327+0000] {logging_mixin.py:188} INFO - [2025-08-30T15:29:13.327+0000] {dag.py:3089} INFO - Sync 1 DAGs
[2025-08-30T15:29:13.349+0000] {logging_mixin.py:188} INFO - [2025-08-30T15:29:13.349+0000] {dag.py:3947} INFO - Setting next_dagrun for ml_pipeline_dag to 2025-08-23 16:00:00+00:00, run_after=2025-08-30 16:00:00+00:00
[2025-08-30T15:29:13.390+0000] {processor.py:183} INFO - Processing /opt/airflow/dags/ml_pipeline_dag.py took 0.119 seconds
[2025-08-30T15:29:44.413+0000] {processor.py:161} INFO - Started process (PID=191) to work on /opt/airflow/dags/ml_pipeline_dag.py
[2025-08-30T15:29:44.414+0000] {processor.py:830} INFO - Processing file /opt/airflow/dags/ml_pipeline_dag.py for tasks to queue
[2025-08-30T15:29:44.416+0000] {logging_mixin.py:188} INFO - [2025-08-30T15:29:44.416+0000] {dagbag.py:545} INFO - Filling up the DagBag from /opt/airflow/dags/ml_pipeline_dag.py
[2025-08-30T15:29:44.438+0000] {processor.py:840} INFO - DAG(s) 'ml_pipeline_dag' retrieved from /opt/airflow/dags/ml_pipeline_dag.py
[2025-08-30T15:29:44.474+0000] {logging_mixin.py:188} INFO - [2025-08-30T15:29:44.474+0000] {dag.py:3089} INFO - Sync 1 DAGs
[2025-08-30T15:29:44.500+0000] {logging_mixin.py:188} INFO - [2025-08-30T15:29:44.500+0000] {dag.py:3947} INFO - Setting next_dagrun for ml_pipeline_dag to 2025-08-23 16:00:00+00:00, run_after=2025-08-30 16:00:00+00:00
[2025-08-30T15:29:44.556+0000] {processor.py:183} INFO - Processing /opt/airflow/dags/ml_pipeline_dag.py took 0.149 seconds
[2025-08-30T15:30:14.785+0000] {processor.py:161} INFO - Started process (PID=192) to work on /opt/airflow/dags/ml_pipeline_dag.py
[2025-08-30T15:30:14.785+0000] {processor.py:830} INFO - Processing file /opt/airflow/dags/ml_pipeline_dag.py for tasks to queue
[2025-08-30T15:30:14.787+0000] {logging_mixin.py:188} INFO - [2025-08-30T15:30:14.787+0000] {dagbag.py:545} INFO - Filling up the DagBag from /opt/airflow/dags/ml_pipeline_dag.py
[2025-08-30T15:30:14.804+0000] {processor.py:840} INFO - DAG(s) 'ml_pipeline_dag' retrieved from /opt/airflow/dags/ml_pipeline_dag.py
[2025-08-30T15:30:14.832+0000] {logging_mixin.py:188} INFO - [2025-08-30T15:30:14.832+0000] {dag.py:3089} INFO - Sync 1 DAGs
[2025-08-30T15:30:14.854+0000] {logging_mixin.py:188} INFO - [2025-08-30T15:30:14.854+0000] {dag.py:3947} INFO - Setting next_dagrun for ml_pipeline_dag to 2025-08-23 16:00:00+00:00, run_after=2025-08-30 16:00:00+00:00
[2025-08-30T15:30:14.889+0000] {processor.py:183} INFO - Processing /opt/airflow/dags/ml_pipeline_dag.py took 0.109 seconds
[2025-08-30T15:30:46.724+0000] {processor.py:161} INFO - Started process (PID=229) to work on /opt/airflow/dags/ml_pipeline_dag.py
[2025-08-30T15:30:46.725+0000] {processor.py:830} INFO - Processing file /opt/airflow/dags/ml_pipeline_dag.py for tasks to queue
[2025-08-30T15:30:46.726+0000] {logging_mixin.py:188} INFO - [2025-08-30T15:30:46.726+0000] {dagbag.py:545} INFO - Filling up the DagBag from /opt/airflow/dags/ml_pipeline_dag.py
[2025-08-30T15:30:46.745+0000] {processor.py:840} INFO - DAG(s) 'ml_pipeline_dag' retrieved from /opt/airflow/dags/ml_pipeline_dag.py
[2025-08-30T15:30:46.773+0000] {logging_mixin.py:188} INFO - [2025-08-30T15:30:46.773+0000] {dag.py:3089} INFO - Sync 1 DAGs
[2025-08-30T15:30:46.799+0000] {logging_mixin.py:188} INFO - [2025-08-30T15:30:46.799+0000] {dag.py:3947} INFO - Setting next_dagrun for ml_pipeline_dag to 2025-08-23 16:00:00+00:00, run_after=2025-08-30 16:00:00+00:00
[2025-08-30T15:30:46.855+0000] {processor.py:183} INFO - Processing /opt/airflow/dags/ml_pipeline_dag.py took 0.137 seconds
[2025-08-30T15:31:19.666+0000] {processor.py:161} INFO - Started process (PID=230) to work on /opt/airflow/dags/ml_pipeline_dag.py
[2025-08-30T15:31:19.667+0000] {processor.py:830} INFO - Processing file /opt/airflow/dags/ml_pipeline_dag.py for tasks to queue
[2025-08-30T15:31:19.669+0000] {logging_mixin.py:188} INFO - [2025-08-30T15:31:19.669+0000] {dagbag.py:545} INFO - Filling up the DagBag from /opt/airflow/dags/ml_pipeline_dag.py
[2025-08-30T15:31:19.699+0000] {processor.py:840} INFO - DAG(s) 'ml_pipeline_dag' retrieved from /opt/airflow/dags/ml_pipeline_dag.py
[2025-08-30T15:31:19.732+0000] {logging_mixin.py:188} INFO - [2025-08-30T15:31:19.732+0000] {dag.py:3089} INFO - Sync 1 DAGs
[2025-08-30T15:31:19.757+0000] {logging_mixin.py:188} INFO - [2025-08-30T15:31:19.757+0000] {dag.py:3947} INFO - Setting next_dagrun for ml_pipeline_dag to 2025-08-23 16:00:00+00:00, run_after=2025-08-30 16:00:00+00:00
[2025-08-30T15:31:19.830+0000] {processor.py:183} INFO - Processing /opt/airflow/dags/ml_pipeline_dag.py took 0.169 seconds
[2025-08-30T15:31:55.213+0000] {processor.py:161} INFO - Started process (PID=33) to work on /opt/airflow/dags/ml_pipeline_dag.py
[2025-08-30T15:31:55.215+0000] {processor.py:830} INFO - Processing file /opt/airflow/dags/ml_pipeline_dag.py for tasks to queue
[2025-08-30T15:31:55.216+0000] {logging_mixin.py:188} INFO - [2025-08-30T15:31:55.216+0000] {dagbag.py:545} INFO - Filling up the DagBag from /opt/airflow/dags/ml_pipeline_dag.py
[2025-08-30T15:31:55.244+0000] {processor.py:840} INFO - DAG(s) 'ml_pipeline_dag' retrieved from /opt/airflow/dags/ml_pipeline_dag.py
[2025-08-30T15:31:55.257+0000] {logging_mixin.py:188} INFO - [2025-08-30T15:31:55.257+0000] {dag.py:3089} INFO - Sync 1 DAGs
[2025-08-30T15:31:55.283+0000] {logging_mixin.py:188} INFO - [2025-08-30T15:31:55.283+0000] {dag.py:3947} INFO - Setting next_dagrun for ml_pipeline_dag to 2025-08-23 16:00:00+00:00, run_after=2025-08-30 16:00:00+00:00
[2025-08-30T15:31:55.317+0000] {processor.py:183} INFO - Processing /opt/airflow/dags/ml_pipeline_dag.py took 0.108 seconds
[2025-08-30T15:32:25.706+0000] {processor.py:161} INFO - Started process (PID=132) to work on /opt/airflow/dags/ml_pipeline_dag.py
[2025-08-30T15:32:25.707+0000] {processor.py:830} INFO - Processing file /opt/airflow/dags/ml_pipeline_dag.py for tasks to queue
[2025-08-30T15:32:25.709+0000] {logging_mixin.py:188} INFO - [2025-08-30T15:32:25.708+0000] {dagbag.py:545} INFO - Filling up the DagBag from /opt/airflow/dags/ml_pipeline_dag.py
[2025-08-30T15:32:25.735+0000] {processor.py:840} INFO - DAG(s) 'ml_pipeline_dag' retrieved from /opt/airflow/dags/ml_pipeline_dag.py
[2025-08-30T15:32:25.905+0000] {logging_mixin.py:188} INFO - [2025-08-30T15:32:25.905+0000] {dag.py:3089} INFO - Sync 1 DAGs
[2025-08-30T15:32:25.922+0000] {logging_mixin.py:188} INFO - [2025-08-30T15:32:25.922+0000] {dag.py:3947} INFO - Setting next_dagrun for ml_pipeline_dag to 2025-08-23 16:00:00+00:00, run_after=2025-08-30 16:00:00+00:00
[2025-08-30T15:32:25.966+0000] {processor.py:183} INFO - Processing /opt/airflow/dags/ml_pipeline_dag.py took 0.265 seconds
[2025-08-30T15:32:58.466+0000] {processor.py:161} INFO - Started process (PID=169) to work on /opt/airflow/dags/ml_pipeline_dag.py
[2025-08-30T15:32:58.467+0000] {processor.py:830} INFO - Processing file /opt/airflow/dags/ml_pipeline_dag.py for tasks to queue
[2025-08-30T15:32:58.469+0000] {logging_mixin.py:188} INFO - [2025-08-30T15:32:58.468+0000] {dagbag.py:545} INFO - Filling up the DagBag from /opt/airflow/dags/ml_pipeline_dag.py
[2025-08-30T15:32:58.485+0000] {processor.py:840} INFO - DAG(s) 'ml_pipeline_dag' retrieved from /opt/airflow/dags/ml_pipeline_dag.py
[2025-08-30T15:32:58.510+0000] {logging_mixin.py:188} INFO - [2025-08-30T15:32:58.509+0000] {dag.py:3089} INFO - Sync 1 DAGs
[2025-08-30T15:32:58.532+0000] {logging_mixin.py:188} INFO - [2025-08-30T15:32:58.532+0000] {dag.py:3947} INFO - Setting next_dagrun for ml_pipeline_dag to 2025-08-23 16:00:00+00:00, run_after=2025-08-30 16:00:00+00:00
[2025-08-30T15:32:58.577+0000] {processor.py:183} INFO - Processing /opt/airflow/dags/ml_pipeline_dag.py took 0.115 seconds
[2025-08-30T15:33:30.675+0000] {processor.py:161} INFO - Started process (PID=170) to work on /opt/airflow/dags/ml_pipeline_dag.py
[2025-08-30T15:33:30.676+0000] {processor.py:830} INFO - Processing file /opt/airflow/dags/ml_pipeline_dag.py for tasks to queue
[2025-08-30T15:33:30.678+0000] {logging_mixin.py:188} INFO - [2025-08-30T15:33:30.678+0000] {dagbag.py:545} INFO - Filling up the DagBag from /opt/airflow/dags/ml_pipeline_dag.py
[2025-08-30T15:33:30.699+0000] {processor.py:840} INFO - DAG(s) 'ml_pipeline_dag' retrieved from /opt/airflow/dags/ml_pipeline_dag.py
[2025-08-30T15:33:30.732+0000] {logging_mixin.py:188} INFO - [2025-08-30T15:33:30.732+0000] {dag.py:3089} INFO - Sync 1 DAGs
[2025-08-30T15:33:30.758+0000] {logging_mixin.py:188} INFO - [2025-08-30T15:33:30.758+0000] {dag.py:3947} INFO - Setting next_dagrun for ml_pipeline_dag to 2025-08-23 16:00:00+00:00, run_after=2025-08-30 16:00:00+00:00
[2025-08-30T15:33:30.802+0000] {processor.py:183} INFO - Processing /opt/airflow/dags/ml_pipeline_dag.py took 0.132 seconds
[2025-08-30T15:34:03.882+0000] {processor.py:161} INFO - Started process (PID=171) to work on /opt/airflow/dags/ml_pipeline_dag.py
[2025-08-30T15:34:03.883+0000] {processor.py:830} INFO - Processing file /opt/airflow/dags/ml_pipeline_dag.py for tasks to queue
[2025-08-30T15:34:03.885+0000] {logging_mixin.py:188} INFO - [2025-08-30T15:34:03.885+0000] {dagbag.py:545} INFO - Filling up the DagBag from /opt/airflow/dags/ml_pipeline_dag.py
[2025-08-30T15:34:03.910+0000] {processor.py:840} INFO - DAG(s) 'ml_pipeline_dag' retrieved from /opt/airflow/dags/ml_pipeline_dag.py
[2025-08-30T15:34:03.943+0000] {logging_mixin.py:188} INFO - [2025-08-30T15:34:03.942+0000] {dag.py:3089} INFO - Sync 1 DAGs
[2025-08-30T15:34:03.966+0000] {logging_mixin.py:188} INFO - [2025-08-30T15:34:03.965+0000] {dag.py:3947} INFO - Setting next_dagrun for ml_pipeline_dag to 2025-08-23 16:00:00+00:00, run_after=2025-08-30 16:00:00+00:00
[2025-08-30T15:34:04.028+0000] {processor.py:183} INFO - Processing /opt/airflow/dags/ml_pipeline_dag.py took 0.150 seconds
[2025-08-30T15:34:35.970+0000] {processor.py:161} INFO - Started process (PID=172) to work on /opt/airflow/dags/ml_pipeline_dag.py
[2025-08-30T15:34:35.971+0000] {processor.py:830} INFO - Processing file /opt/airflow/dags/ml_pipeline_dag.py for tasks to queue
[2025-08-30T15:34:35.973+0000] {logging_mixin.py:188} INFO - [2025-08-30T15:34:35.972+0000] {dagbag.py:545} INFO - Filling up the DagBag from /opt/airflow/dags/ml_pipeline_dag.py
[2025-08-30T15:34:35.992+0000] {processor.py:840} INFO - DAG(s) 'ml_pipeline_dag' retrieved from /opt/airflow/dags/ml_pipeline_dag.py
[2025-08-30T15:34:36.018+0000] {logging_mixin.py:188} INFO - [2025-08-30T15:34:36.017+0000] {dag.py:3089} INFO - Sync 1 DAGs
[2025-08-30T15:34:36.043+0000] {logging_mixin.py:188} INFO - [2025-08-30T15:34:36.043+0000] {dag.py:3947} INFO - Setting next_dagrun for ml_pipeline_dag to 2025-08-23 16:00:00+00:00, run_after=2025-08-30 16:00:00+00:00
[2025-08-30T15:34:36.108+0000] {processor.py:183} INFO - Processing /opt/airflow/dags/ml_pipeline_dag.py took 0.143 seconds
[2025-08-30T15:34:55.196+0000] {processor.py:161} INFO - Started process (PID=60) to work on /opt/airflow/dags/ml_pipeline_dag.py
[2025-08-30T15:34:55.197+0000] {processor.py:830} INFO - Processing file /opt/airflow/dags/ml_pipeline_dag.py for tasks to queue
[2025-08-30T15:34:55.198+0000] {logging_mixin.py:188} INFO - [2025-08-30T15:34:55.198+0000] {dagbag.py:545} INFO - Filling up the DagBag from /opt/airflow/dags/ml_pipeline_dag.py
[2025-08-30T15:34:55.226+0000] {processor.py:840} INFO - DAG(s) 'ml_pipeline_dag' retrieved from /opt/airflow/dags/ml_pipeline_dag.py
[2025-08-30T15:34:55.253+0000] {logging_mixin.py:188} INFO - [2025-08-30T15:34:55.253+0000] {dag.py:3089} INFO - Sync 1 DAGs
[2025-08-30T15:34:55.275+0000] {logging_mixin.py:188} INFO - [2025-08-30T15:34:55.275+0000] {dag.py:3947} INFO - Setting next_dagrun for ml_pipeline_dag to 2025-08-23 16:00:00+00:00, run_after=2025-08-30 16:00:00+00:00
[2025-08-30T15:34:55.332+0000] {processor.py:183} INFO - Processing /opt/airflow/dags/ml_pipeline_dag.py took 0.140 seconds
[2025-08-30T15:35:26.385+0000] {processor.py:161} INFO - Started process (PID=160) to work on /opt/airflow/dags/ml_pipeline_dag.py
[2025-08-30T15:35:26.385+0000] {processor.py:830} INFO - Processing file /opt/airflow/dags/ml_pipeline_dag.py for tasks to queue
[2025-08-30T15:35:26.387+0000] {logging_mixin.py:188} INFO - [2025-08-30T15:35:26.387+0000] {dagbag.py:545} INFO - Filling up the DagBag from /opt/airflow/dags/ml_pipeline_dag.py
[2025-08-30T15:35:26.405+0000] {processor.py:840} INFO - DAG(s) 'ml_pipeline_dag' retrieved from /opt/airflow/dags/ml_pipeline_dag.py
[2025-08-30T15:35:26.431+0000] {logging_mixin.py:188} INFO - [2025-08-30T15:35:26.431+0000] {dag.py:3089} INFO - Sync 1 DAGs
[2025-08-30T15:35:26.453+0000] {logging_mixin.py:188} INFO - [2025-08-30T15:35:26.453+0000] {dag.py:3947} INFO - Setting next_dagrun for ml_pipeline_dag to 2025-08-23 16:00:00+00:00, run_after=2025-08-30 16:00:00+00:00
[2025-08-30T15:35:26.508+0000] {processor.py:183} INFO - Processing /opt/airflow/dags/ml_pipeline_dag.py took 0.127 seconds
[2025-08-30T15:35:56.648+0000] {processor.py:161} INFO - Started process (PID=161) to work on /opt/airflow/dags/ml_pipeline_dag.py
[2025-08-30T15:35:56.649+0000] {processor.py:830} INFO - Processing file /opt/airflow/dags/ml_pipeline_dag.py for tasks to queue
[2025-08-30T15:35:56.650+0000] {logging_mixin.py:188} INFO - [2025-08-30T15:35:56.650+0000] {dagbag.py:545} INFO - Filling up the DagBag from /opt/airflow/dags/ml_pipeline_dag.py
[2025-08-30T15:35:56.673+0000] {processor.py:840} INFO - DAG(s) 'ml_pipeline_dag' retrieved from /opt/airflow/dags/ml_pipeline_dag.py
[2025-08-30T15:35:56.699+0000] {logging_mixin.py:188} INFO - [2025-08-30T15:35:56.699+0000] {dag.py:3089} INFO - Sync 1 DAGs
[2025-08-30T15:35:56.723+0000] {logging_mixin.py:188} INFO - [2025-08-30T15:35:56.723+0000] {dag.py:3947} INFO - Setting next_dagrun for ml_pipeline_dag to 2025-08-23 16:00:00+00:00, run_after=2025-08-30 16:00:00+00:00
[2025-08-30T15:35:56.779+0000] {processor.py:183} INFO - Processing /opt/airflow/dags/ml_pipeline_dag.py took 0.135 seconds
[2025-08-30T15:36:27.644+0000] {processor.py:161} INFO - Started process (PID=162) to work on /opt/airflow/dags/ml_pipeline_dag.py
[2025-08-30T15:36:27.645+0000] {processor.py:830} INFO - Processing file /opt/airflow/dags/ml_pipeline_dag.py for tasks to queue
[2025-08-30T15:36:27.647+0000] {logging_mixin.py:188} INFO - [2025-08-30T15:36:27.647+0000] {dagbag.py:545} INFO - Filling up the DagBag from /opt/airflow/dags/ml_pipeline_dag.py
[2025-08-30T15:36:27.663+0000] {processor.py:840} INFO - DAG(s) 'ml_pipeline_dag' retrieved from /opt/airflow/dags/ml_pipeline_dag.py
[2025-08-30T15:36:27.688+0000] {logging_mixin.py:188} INFO - [2025-08-30T15:36:27.688+0000] {dag.py:3089} INFO - Sync 1 DAGs
[2025-08-30T15:36:27.709+0000] {logging_mixin.py:188} INFO - [2025-08-30T15:36:27.709+0000] {dag.py:3947} INFO - Setting next_dagrun for ml_pipeline_dag to 2025-08-23 16:00:00+00:00, run_after=2025-08-30 16:00:00+00:00
[2025-08-30T15:36:27.751+0000] {processor.py:183} INFO - Processing /opt/airflow/dags/ml_pipeline_dag.py took 0.110 seconds
[2025-08-30T15:36:58.446+0000] {processor.py:161} INFO - Started process (PID=163) to work on /opt/airflow/dags/ml_pipeline_dag.py
[2025-08-30T15:36:58.447+0000] {processor.py:830} INFO - Processing file /opt/airflow/dags/ml_pipeline_dag.py for tasks to queue
[2025-08-30T15:36:58.449+0000] {logging_mixin.py:188} INFO - [2025-08-30T15:36:58.449+0000] {dagbag.py:545} INFO - Filling up the DagBag from /opt/airflow/dags/ml_pipeline_dag.py
[2025-08-30T15:36:58.473+0000] {processor.py:840} INFO - DAG(s) 'ml_pipeline_dag' retrieved from /opt/airflow/dags/ml_pipeline_dag.py
[2025-08-30T15:36:58.503+0000] {logging_mixin.py:188} INFO - [2025-08-30T15:36:58.503+0000] {dag.py:3089} INFO - Sync 1 DAGs
[2025-08-30T15:36:58.529+0000] {logging_mixin.py:188} INFO - [2025-08-30T15:36:58.528+0000] {dag.py:3947} INFO - Setting next_dagrun for ml_pipeline_dag to 2025-08-23 16:00:00+00:00, run_after=2025-08-30 16:00:00+00:00
[2025-08-30T15:36:58.578+0000] {processor.py:183} INFO - Processing /opt/airflow/dags/ml_pipeline_dag.py took 0.137 seconds
[2025-08-30T15:37:28.825+0000] {processor.py:161} INFO - Started process (PID=164) to work on /opt/airflow/dags/ml_pipeline_dag.py
[2025-08-30T15:37:28.826+0000] {processor.py:830} INFO - Processing file /opt/airflow/dags/ml_pipeline_dag.py for tasks to queue
[2025-08-30T15:37:28.827+0000] {logging_mixin.py:188} INFO - [2025-08-30T15:37:28.827+0000] {dagbag.py:545} INFO - Filling up the DagBag from /opt/airflow/dags/ml_pipeline_dag.py
[2025-08-30T15:37:28.848+0000] {processor.py:840} INFO - DAG(s) 'ml_pipeline_dag' retrieved from /opt/airflow/dags/ml_pipeline_dag.py
[2025-08-30T15:37:28.873+0000] {logging_mixin.py:188} INFO - [2025-08-30T15:37:28.872+0000] {dag.py:3089} INFO - Sync 1 DAGs
[2025-08-30T15:37:28.891+0000] {logging_mixin.py:188} INFO - [2025-08-30T15:37:28.891+0000] {dag.py:3947} INFO - Setting next_dagrun for ml_pipeline_dag to 2025-08-23 16:00:00+00:00, run_after=2025-08-30 16:00:00+00:00
[2025-08-30T15:37:28.940+0000] {processor.py:183} INFO - Processing /opt/airflow/dags/ml_pipeline_dag.py took 0.120 seconds
[2025-08-30T15:37:59.244+0000] {processor.py:161} INFO - Started process (PID=165) to work on /opt/airflow/dags/ml_pipeline_dag.py
[2025-08-30T15:37:59.245+0000] {processor.py:830} INFO - Processing file /opt/airflow/dags/ml_pipeline_dag.py for tasks to queue
[2025-08-30T15:37:59.246+0000] {logging_mixin.py:188} INFO - [2025-08-30T15:37:59.246+0000] {dagbag.py:545} INFO - Filling up the DagBag from /opt/airflow/dags/ml_pipeline_dag.py
[2025-08-30T15:37:59.262+0000] {processor.py:840} INFO - DAG(s) 'ml_pipeline_dag' retrieved from /opt/airflow/dags/ml_pipeline_dag.py
[2025-08-30T15:37:59.286+0000] {logging_mixin.py:188} INFO - [2025-08-30T15:37:59.286+0000] {dag.py:3089} INFO - Sync 1 DAGs
[2025-08-30T15:37:59.307+0000] {logging_mixin.py:188} INFO - [2025-08-30T15:37:59.307+0000] {dag.py:3947} INFO - Setting next_dagrun for ml_pipeline_dag to 2025-08-23 16:00:00+00:00, run_after=2025-08-30 16:00:00+00:00
[2025-08-30T15:37:59.346+0000] {processor.py:183} INFO - Processing /opt/airflow/dags/ml_pipeline_dag.py took 0.106 seconds
[2025-08-30T15:38:29.956+0000] {processor.py:161} INFO - Started process (PID=166) to work on /opt/airflow/dags/ml_pipeline_dag.py
[2025-08-30T15:38:29.957+0000] {processor.py:830} INFO - Processing file /opt/airflow/dags/ml_pipeline_dag.py for tasks to queue
[2025-08-30T15:38:29.959+0000] {logging_mixin.py:188} INFO - [2025-08-30T15:38:29.959+0000] {dagbag.py:545} INFO - Filling up the DagBag from /opt/airflow/dags/ml_pipeline_dag.py
[2025-08-30T15:38:29.984+0000] {processor.py:840} INFO - DAG(s) 'ml_pipeline_dag' retrieved from /opt/airflow/dags/ml_pipeline_dag.py
[2025-08-30T15:38:30.015+0000] {logging_mixin.py:188} INFO - [2025-08-30T15:38:30.014+0000] {dag.py:3089} INFO - Sync 1 DAGs
[2025-08-30T15:38:30.036+0000] {logging_mixin.py:188} INFO - [2025-08-30T15:38:30.036+0000] {dag.py:3947} INFO - Setting next_dagrun for ml_pipeline_dag to 2025-08-23 16:00:00+00:00, run_after=2025-08-30 16:00:00+00:00
[2025-08-30T15:38:30.077+0000] {processor.py:183} INFO - Processing /opt/airflow/dags/ml_pipeline_dag.py took 0.126 seconds
[2025-08-30T15:38:35.125+0000] {processor.py:161} INFO - Started process (PID=167) to work on /opt/airflow/dags/ml_pipeline_dag.py
[2025-08-30T15:38:35.126+0000] {processor.py:830} INFO - Processing file /opt/airflow/dags/ml_pipeline_dag.py for tasks to queue
[2025-08-30T15:38:35.128+0000] {logging_mixin.py:188} INFO - [2025-08-30T15:38:35.128+0000] {dagbag.py:545} INFO - Filling up the DagBag from /opt/airflow/dags/ml_pipeline_dag.py
[2025-08-30T15:38:35.165+0000] {processor.py:840} INFO - DAG(s) 'ml_pipeline_dag' retrieved from /opt/airflow/dags/ml_pipeline_dag.py
[2025-08-30T15:38:35.190+0000] {logging_mixin.py:188} INFO - [2025-08-30T15:38:35.189+0000] {dag.py:3089} INFO - Sync 1 DAGs
[2025-08-30T15:38:35.210+0000] {logging_mixin.py:188} INFO - [2025-08-30T15:38:35.209+0000] {dag.py:3947} INFO - Setting next_dagrun for ml_pipeline_dag to 2025-08-23 16:00:00+00:00, run_after=2025-08-30 16:00:00+00:00
[2025-08-30T15:38:35.261+0000] {processor.py:183} INFO - Processing /opt/airflow/dags/ml_pipeline_dag.py took 0.139 seconds
[2025-08-30T15:38:40.204+0000] {processor.py:161} INFO - Started process (PID=168) to work on /opt/airflow/dags/ml_pipeline_dag.py
[2025-08-30T15:38:40.205+0000] {processor.py:830} INFO - Processing file /opt/airflow/dags/ml_pipeline_dag.py for tasks to queue
[2025-08-30T15:38:40.207+0000] {logging_mixin.py:188} INFO - [2025-08-30T15:38:40.207+0000] {dagbag.py:545} INFO - Filling up the DagBag from /opt/airflow/dags/ml_pipeline_dag.py
[2025-08-30T15:38:40.237+0000] {processor.py:840} INFO - DAG(s) 'ml_pipeline_dag' retrieved from /opt/airflow/dags/ml_pipeline_dag.py
[2025-08-30T15:38:40.268+0000] {logging_mixin.py:188} INFO - [2025-08-30T15:38:40.267+0000] {dag.py:3089} INFO - Sync 1 DAGs
[2025-08-30T15:38:40.291+0000] {logging_mixin.py:188} INFO - [2025-08-30T15:38:40.290+0000] {dag.py:3947} INFO - Setting next_dagrun for ml_pipeline_dag to 2025-08-23 16:00:00+00:00, run_after=2025-08-30 16:00:00+00:00
[2025-08-30T15:38:40.333+0000] {processor.py:183} INFO - Processing /opt/airflow/dags/ml_pipeline_dag.py took 0.132 seconds
[2025-08-30T15:38:58.045+0000] {processor.py:161} INFO - Started process (PID=60) to work on /opt/airflow/dags/ml_pipeline_dag.py
[2025-08-30T15:38:58.046+0000] {processor.py:830} INFO - Processing file /opt/airflow/dags/ml_pipeline_dag.py for tasks to queue
[2025-08-30T15:38:58.047+0000] {logging_mixin.py:188} INFO - [2025-08-30T15:38:58.047+0000] {dagbag.py:545} INFO - Filling up the DagBag from /opt/airflow/dags/ml_pipeline_dag.py
[2025-08-30T15:38:58.072+0000] {processor.py:840} INFO - DAG(s) 'ml_pipeline_dag' retrieved from /opt/airflow/dags/ml_pipeline_dag.py
[2025-08-30T15:38:58.098+0000] {logging_mixin.py:188} INFO - [2025-08-30T15:38:58.098+0000] {dag.py:3089} INFO - Sync 1 DAGs
[2025-08-30T15:38:58.117+0000] {logging_mixin.py:188} INFO - [2025-08-30T15:38:58.117+0000] {dag.py:3947} INFO - Setting next_dagrun for ml_pipeline_dag to 2025-08-23 16:00:00+00:00, run_after=2025-08-30 16:00:00+00:00
[2025-08-30T15:38:58.151+0000] {processor.py:183} INFO - Processing /opt/airflow/dags/ml_pipeline_dag.py took 0.110 seconds
[2025-08-30T15:39:30.390+0000] {processor.py:161} INFO - Started process (PID=160) to work on /opt/airflow/dags/ml_pipeline_dag.py
[2025-08-30T15:39:30.391+0000] {processor.py:830} INFO - Processing file /opt/airflow/dags/ml_pipeline_dag.py for tasks to queue
[2025-08-30T15:39:30.393+0000] {logging_mixin.py:188} INFO - [2025-08-30T15:39:30.393+0000] {dagbag.py:545} INFO - Filling up the DagBag from /opt/airflow/dags/ml_pipeline_dag.py
[2025-08-30T15:39:30.414+0000] {processor.py:840} INFO - DAG(s) 'ml_pipeline_dag' retrieved from /opt/airflow/dags/ml_pipeline_dag.py
[2025-08-30T15:39:30.442+0000] {logging_mixin.py:188} INFO - [2025-08-30T15:39:30.442+0000] {dag.py:3089} INFO - Sync 1 DAGs
[2025-08-30T15:39:30.466+0000] {logging_mixin.py:188} INFO - [2025-08-30T15:39:30.466+0000] {dag.py:3947} INFO - Setting next_dagrun for ml_pipeline_dag to 2025-08-23 16:00:00+00:00, run_after=2025-08-30 16:00:00+00:00
[2025-08-30T15:39:30.518+0000] {processor.py:183} INFO - Processing /opt/airflow/dags/ml_pipeline_dag.py took 0.133 seconds
[2025-08-30T15:40:03.376+0000] {processor.py:161} INFO - Started process (PID=161) to work on /opt/airflow/dags/ml_pipeline_dag.py
[2025-08-30T15:40:03.378+0000] {processor.py:830} INFO - Processing file /opt/airflow/dags/ml_pipeline_dag.py for tasks to queue
[2025-08-30T15:40:03.380+0000] {logging_mixin.py:188} INFO - [2025-08-30T15:40:03.379+0000] {dagbag.py:545} INFO - Filling up the DagBag from /opt/airflow/dags/ml_pipeline_dag.py
[2025-08-30T15:40:03.396+0000] {processor.py:840} INFO - DAG(s) 'ml_pipeline_dag' retrieved from /opt/airflow/dags/ml_pipeline_dag.py
[2025-08-30T15:40:03.427+0000] {logging_mixin.py:188} INFO - [2025-08-30T15:40:03.427+0000] {dag.py:3089} INFO - Sync 1 DAGs
[2025-08-30T15:40:03.452+0000] {logging_mixin.py:188} INFO - [2025-08-30T15:40:03.452+0000] {dag.py:3947} INFO - Setting next_dagrun for ml_pipeline_dag to 2025-08-23 16:00:00+00:00, run_after=2025-08-30 16:00:00+00:00
[2025-08-30T15:40:03.499+0000] {processor.py:183} INFO - Processing /opt/airflow/dags/ml_pipeline_dag.py took 0.127 seconds
[2025-08-30T15:40:36.525+0000] {processor.py:161} INFO - Started process (PID=162) to work on /opt/airflow/dags/ml_pipeline_dag.py
[2025-08-30T15:40:36.526+0000] {processor.py:830} INFO - Processing file /opt/airflow/dags/ml_pipeline_dag.py for tasks to queue
[2025-08-30T15:40:36.528+0000] {logging_mixin.py:188} INFO - [2025-08-30T15:40:36.527+0000] {dagbag.py:545} INFO - Filling up the DagBag from /opt/airflow/dags/ml_pipeline_dag.py
[2025-08-30T15:40:36.544+0000] {processor.py:840} INFO - DAG(s) 'ml_pipeline_dag' retrieved from /opt/airflow/dags/ml_pipeline_dag.py
[2025-08-30T15:40:36.569+0000] {logging_mixin.py:188} INFO - [2025-08-30T15:40:36.569+0000] {dag.py:3089} INFO - Sync 1 DAGs
[2025-08-30T15:40:36.590+0000] {logging_mixin.py:188} INFO - [2025-08-30T15:40:36.589+0000] {dag.py:3947} INFO - Setting next_dagrun for ml_pipeline_dag to 2025-08-23 16:00:00+00:00, run_after=2025-08-30 16:00:00+00:00
[2025-08-30T15:40:36.627+0000] {processor.py:183} INFO - Processing /opt/airflow/dags/ml_pipeline_dag.py took 0.107 seconds
[2025-08-30T15:41:08.825+0000] {processor.py:161} INFO - Started process (PID=177) to work on /opt/airflow/dags/ml_pipeline_dag.py
[2025-08-30T15:41:08.825+0000] {processor.py:830} INFO - Processing file /opt/airflow/dags/ml_pipeline_dag.py for tasks to queue
[2025-08-30T15:41:08.827+0000] {logging_mixin.py:188} INFO - [2025-08-30T15:41:08.827+0000] {dagbag.py:545} INFO - Filling up the DagBag from /opt/airflow/dags/ml_pipeline_dag.py
[2025-08-30T15:41:08.842+0000] {processor.py:840} INFO - DAG(s) 'ml_pipeline_dag' retrieved from /opt/airflow/dags/ml_pipeline_dag.py
[2025-08-30T15:41:08.870+0000] {logging_mixin.py:188} INFO - [2025-08-30T15:41:08.869+0000] {dag.py:3089} INFO - Sync 1 DAGs
[2025-08-30T15:41:08.891+0000] {logging_mixin.py:188} INFO - [2025-08-30T15:41:08.890+0000] {dag.py:3947} INFO - Setting next_dagrun for ml_pipeline_dag to 2025-08-23 16:00:00+00:00, run_after=2025-08-30 16:00:00+00:00
[2025-08-30T15:41:08.933+0000] {processor.py:183} INFO - Processing /opt/airflow/dags/ml_pipeline_dag.py took 0.112 seconds
[2025-08-30T15:41:41.964+0000] {processor.py:161} INFO - Started process (PID=185) to work on /opt/airflow/dags/ml_pipeline_dag.py
[2025-08-30T15:41:41.965+0000] {processor.py:830} INFO - Processing file /opt/airflow/dags/ml_pipeline_dag.py for tasks to queue
[2025-08-30T15:41:41.967+0000] {logging_mixin.py:188} INFO - [2025-08-30T15:41:41.967+0000] {dagbag.py:545} INFO - Filling up the DagBag from /opt/airflow/dags/ml_pipeline_dag.py
[2025-08-30T15:41:41.995+0000] {processor.py:840} INFO - DAG(s) 'ml_pipeline_dag' retrieved from /opt/airflow/dags/ml_pipeline_dag.py
[2025-08-30T15:41:42.027+0000] {logging_mixin.py:188} INFO - [2025-08-30T15:41:42.027+0000] {dag.py:3089} INFO - Sync 1 DAGs
[2025-08-30T15:41:42.050+0000] {logging_mixin.py:188} INFO - [2025-08-30T15:41:42.050+0000] {dag.py:3947} INFO - Setting next_dagrun for ml_pipeline_dag to 2025-08-23 16:00:00+00:00, run_after=2025-08-30 16:00:00+00:00
[2025-08-30T15:41:42.102+0000] {processor.py:183} INFO - Processing /opt/airflow/dags/ml_pipeline_dag.py took 0.143 seconds
[2025-08-30T15:42:14.162+0000] {processor.py:161} INFO - Started process (PID=193) to work on /opt/airflow/dags/ml_pipeline_dag.py
[2025-08-30T15:42:14.163+0000] {processor.py:830} INFO - Processing file /opt/airflow/dags/ml_pipeline_dag.py for tasks to queue
[2025-08-30T15:42:14.166+0000] {logging_mixin.py:188} INFO - [2025-08-30T15:42:14.165+0000] {dagbag.py:545} INFO - Filling up the DagBag from /opt/airflow/dags/ml_pipeline_dag.py
[2025-08-30T15:42:14.185+0000] {processor.py:840} INFO - DAG(s) 'ml_pipeline_dag' retrieved from /opt/airflow/dags/ml_pipeline_dag.py
[2025-08-30T15:42:14.221+0000] {logging_mixin.py:188} INFO - [2025-08-30T15:42:14.221+0000] {dag.py:3089} INFO - Sync 1 DAGs
[2025-08-30T15:42:14.243+0000] {logging_mixin.py:188} INFO - [2025-08-30T15:42:14.243+0000] {dag.py:3947} INFO - Setting next_dagrun for ml_pipeline_dag to 2025-08-23 16:00:00+00:00, run_after=2025-08-30 16:00:00+00:00
[2025-08-30T15:42:14.286+0000] {processor.py:183} INFO - Processing /opt/airflow/dags/ml_pipeline_dag.py took 0.128 seconds
[2025-08-30T15:42:47.523+0000] {processor.py:161} INFO - Started process (PID=201) to work on /opt/airflow/dags/ml_pipeline_dag.py
[2025-08-30T15:42:47.525+0000] {processor.py:830} INFO - Processing file /opt/airflow/dags/ml_pipeline_dag.py for tasks to queue
[2025-08-30T15:42:47.526+0000] {logging_mixin.py:188} INFO - [2025-08-30T15:42:47.526+0000] {dagbag.py:545} INFO - Filling up the DagBag from /opt/airflow/dags/ml_pipeline_dag.py
[2025-08-30T15:42:47.546+0000] {processor.py:840} INFO - DAG(s) 'ml_pipeline_dag' retrieved from /opt/airflow/dags/ml_pipeline_dag.py
[2025-08-30T15:42:47.573+0000] {logging_mixin.py:188} INFO - [2025-08-30T15:42:47.573+0000] {dag.py:3089} INFO - Sync 1 DAGs
[2025-08-30T15:42:47.595+0000] {logging_mixin.py:188} INFO - [2025-08-30T15:42:47.595+0000] {dag.py:3947} INFO - Setting next_dagrun for ml_pipeline_dag to 2025-08-23 16:00:00+00:00, run_after=2025-08-30 16:00:00+00:00
[2025-08-30T15:42:47.634+0000] {processor.py:183} INFO - Processing /opt/airflow/dags/ml_pipeline_dag.py took 0.114 seconds
[2025-08-30T15:43:20.034+0000] {processor.py:161} INFO - Started process (PID=208) to work on /opt/airflow/dags/ml_pipeline_dag.py
[2025-08-30T15:43:20.035+0000] {processor.py:830} INFO - Processing file /opt/airflow/dags/ml_pipeline_dag.py for tasks to queue
[2025-08-30T15:43:20.036+0000] {logging_mixin.py:188} INFO - [2025-08-30T15:43:20.036+0000] {dagbag.py:545} INFO - Filling up the DagBag from /opt/airflow/dags/ml_pipeline_dag.py
[2025-08-30T15:43:20.060+0000] {processor.py:840} INFO - DAG(s) 'ml_pipeline_dag' retrieved from /opt/airflow/dags/ml_pipeline_dag.py
[2025-08-30T15:43:20.088+0000] {logging_mixin.py:188} INFO - [2025-08-30T15:43:20.088+0000] {dag.py:3089} INFO - Sync 1 DAGs
[2025-08-30T15:43:20.110+0000] {logging_mixin.py:188} INFO - [2025-08-30T15:43:20.110+0000] {dag.py:3947} INFO - Setting next_dagrun for ml_pipeline_dag to 2025-08-23 16:00:00+00:00, run_after=2025-08-30 16:00:00+00:00
[2025-08-30T15:43:20.167+0000] {processor.py:183} INFO - Processing /opt/airflow/dags/ml_pipeline_dag.py took 0.137 seconds
[2025-08-30T15:43:52.306+0000] {processor.py:161} INFO - Started process (PID=209) to work on /opt/airflow/dags/ml_pipeline_dag.py
[2025-08-30T15:43:52.307+0000] {processor.py:830} INFO - Processing file /opt/airflow/dags/ml_pipeline_dag.py for tasks to queue
[2025-08-30T15:43:52.309+0000] {logging_mixin.py:188} INFO - [2025-08-30T15:43:52.309+0000] {dagbag.py:545} INFO - Filling up the DagBag from /opt/airflow/dags/ml_pipeline_dag.py
[2025-08-30T15:43:52.325+0000] {processor.py:840} INFO - DAG(s) 'ml_pipeline_dag' retrieved from /opt/airflow/dags/ml_pipeline_dag.py
[2025-08-30T15:43:52.353+0000] {logging_mixin.py:188} INFO - [2025-08-30T15:43:52.353+0000] {dag.py:3089} INFO - Sync 1 DAGs
[2025-08-30T15:43:52.368+0000] {logging_mixin.py:188} INFO - [2025-08-30T15:43:52.368+0000] {dag.py:3947} INFO - Setting next_dagrun for ml_pipeline_dag to 2025-08-23 16:00:00+00:00, run_after=2025-08-30 16:00:00+00:00
[2025-08-30T15:43:52.407+0000] {processor.py:183} INFO - Processing /opt/airflow/dags/ml_pipeline_dag.py took 0.106 seconds
[2025-08-30T15:44:25.211+0000] {processor.py:161} INFO - Started process (PID=216) to work on /opt/airflow/dags/ml_pipeline_dag.py
[2025-08-30T15:44:25.212+0000] {processor.py:830} INFO - Processing file /opt/airflow/dags/ml_pipeline_dag.py for tasks to queue
[2025-08-30T15:44:25.214+0000] {logging_mixin.py:188} INFO - [2025-08-30T15:44:25.213+0000] {dagbag.py:545} INFO - Filling up the DagBag from /opt/airflow/dags/ml_pipeline_dag.py
[2025-08-30T15:44:25.233+0000] {processor.py:840} INFO - DAG(s) 'ml_pipeline_dag' retrieved from /opt/airflow/dags/ml_pipeline_dag.py
[2025-08-30T15:44:25.268+0000] {logging_mixin.py:188} INFO - [2025-08-30T15:44:25.268+0000] {dag.py:3089} INFO - Sync 1 DAGs
[2025-08-30T15:44:25.292+0000] {logging_mixin.py:188} INFO - [2025-08-30T15:44:25.292+0000] {dag.py:3947} INFO - Setting next_dagrun for ml_pipeline_dag to 2025-08-23 16:00:00+00:00, run_after=2025-08-30 16:00:00+00:00
[2025-08-30T15:44:25.343+0000] {processor.py:183} INFO - Processing /opt/airflow/dags/ml_pipeline_dag.py took 0.136 seconds
[2025-08-30T15:44:58.666+0000] {processor.py:161} INFO - Started process (PID=254) to work on /opt/airflow/dags/ml_pipeline_dag.py
[2025-08-30T15:44:58.667+0000] {processor.py:830} INFO - Processing file /opt/airflow/dags/ml_pipeline_dag.py for tasks to queue
[2025-08-30T15:44:58.668+0000] {logging_mixin.py:188} INFO - [2025-08-30T15:44:58.668+0000] {dagbag.py:545} INFO - Filling up the DagBag from /opt/airflow/dags/ml_pipeline_dag.py
[2025-08-30T15:44:58.691+0000] {processor.py:840} INFO - DAG(s) 'ml_pipeline_dag' retrieved from /opt/airflow/dags/ml_pipeline_dag.py
[2025-08-30T15:44:58.716+0000] {logging_mixin.py:188} INFO - [2025-08-30T15:44:58.716+0000] {dag.py:3089} INFO - Sync 1 DAGs
[2025-08-30T15:44:58.736+0000] {logging_mixin.py:188} INFO - [2025-08-30T15:44:58.736+0000] {dag.py:3947} INFO - Setting next_dagrun for ml_pipeline_dag to 2025-08-23 16:00:00+00:00, run_after=2025-08-30 16:00:00+00:00
[2025-08-30T15:44:58.774+0000] {processor.py:183} INFO - Processing /opt/airflow/dags/ml_pipeline_dag.py took 0.113 seconds
[2025-08-30T15:45:30.819+0000] {processor.py:161} INFO - Started process (PID=255) to work on /opt/airflow/dags/ml_pipeline_dag.py
[2025-08-30T15:45:30.820+0000] {processor.py:830} INFO - Processing file /opt/airflow/dags/ml_pipeline_dag.py for tasks to queue
[2025-08-30T15:45:30.822+0000] {logging_mixin.py:188} INFO - [2025-08-30T15:45:30.822+0000] {dagbag.py:545} INFO - Filling up the DagBag from /opt/airflow/dags/ml_pipeline_dag.py
[2025-08-30T15:45:30.842+0000] {processor.py:840} INFO - DAG(s) 'ml_pipeline_dag' retrieved from /opt/airflow/dags/ml_pipeline_dag.py
[2025-08-30T15:45:30.863+0000] {logging_mixin.py:188} INFO - [2025-08-30T15:45:30.863+0000] {dag.py:3089} INFO - Sync 1 DAGs
[2025-08-30T15:45:30.884+0000] {logging_mixin.py:188} INFO - [2025-08-30T15:45:30.884+0000] {dag.py:3947} INFO - Setting next_dagrun for ml_pipeline_dag to 2025-08-23 16:00:00+00:00, run_after=2025-08-30 16:00:00+00:00
[2025-08-30T15:45:30.922+0000] {processor.py:183} INFO - Processing /opt/airflow/dags/ml_pipeline_dag.py took 0.106 seconds
[2025-08-30T15:46:03.975+0000] {processor.py:161} INFO - Started process (PID=256) to work on /opt/airflow/dags/ml_pipeline_dag.py
[2025-08-30T15:46:03.977+0000] {processor.py:830} INFO - Processing file /opt/airflow/dags/ml_pipeline_dag.py for tasks to queue
[2025-08-30T15:46:03.979+0000] {logging_mixin.py:188} INFO - [2025-08-30T15:46:03.978+0000] {dagbag.py:545} INFO - Filling up the DagBag from /opt/airflow/dags/ml_pipeline_dag.py
[2025-08-30T15:46:04.000+0000] {processor.py:840} INFO - DAG(s) 'ml_pipeline_dag' retrieved from /opt/airflow/dags/ml_pipeline_dag.py
[2025-08-30T15:46:04.029+0000] {logging_mixin.py:188} INFO - [2025-08-30T15:46:04.029+0000] {dag.py:3089} INFO - Sync 1 DAGs
[2025-08-30T15:46:04.055+0000] {logging_mixin.py:188} INFO - [2025-08-30T15:46:04.055+0000] {dag.py:3947} INFO - Setting next_dagrun for ml_pipeline_dag to 2025-08-23 16:00:00+00:00, run_after=2025-08-30 16:00:00+00:00
[2025-08-30T15:46:04.106+0000] {processor.py:183} INFO - Processing /opt/airflow/dags/ml_pipeline_dag.py took 0.135 seconds
[2025-08-30T15:46:47.965+0000] {processor.py:161} INFO - Started process (PID=70) to work on /opt/airflow/dags/ml_pipeline_dag.py
[2025-08-30T15:46:47.966+0000] {processor.py:830} INFO - Processing file /opt/airflow/dags/ml_pipeline_dag.py for tasks to queue
[2025-08-30T15:46:47.967+0000] {logging_mixin.py:188} INFO - [2025-08-30T15:46:47.967+0000] {dagbag.py:545} INFO - Filling up the DagBag from /opt/airflow/dags/ml_pipeline_dag.py
[2025-08-30T15:46:47.988+0000] {processor.py:840} INFO - DAG(s) 'ml_pipeline_dag' retrieved from /opt/airflow/dags/ml_pipeline_dag.py
[2025-08-30T15:46:48.023+0000] {logging_mixin.py:188} INFO - [2025-08-30T15:46:48.023+0000] {dag.py:3089} INFO - Sync 1 DAGs
[2025-08-30T15:46:48.047+0000] {logging_mixin.py:188} INFO - [2025-08-30T15:46:48.047+0000] {dag.py:3947} INFO - Setting next_dagrun for ml_pipeline_dag to 2025-08-23 16:00:00+00:00, run_after=2025-08-30 16:00:00+00:00
[2025-08-30T15:46:48.105+0000] {processor.py:183} INFO - Processing /opt/airflow/dags/ml_pipeline_dag.py took 0.144 seconds
[2025-08-30T15:54:22.999+0000] {processor.py:161} INFO - Started process (PID=41297) to work on /opt/airflow/dags/ml_pipeline_dag.py
[2025-08-30T15:54:23.001+0000] {processor.py:830} INFO - Processing file /opt/airflow/dags/ml_pipeline_dag.py for tasks to queue
[2025-08-30T15:54:23.002+0000] {logging_mixin.py:188} INFO - [2025-08-30T15:54:23.002+0000] {dagbag.py:545} INFO - Filling up the DagBag from /opt/airflow/dags/ml_pipeline_dag.py
[2025-08-30T15:54:23.021+0000] {processor.py:840} INFO - DAG(s) 'ml_pipeline_dag' retrieved from /opt/airflow/dags/ml_pipeline_dag.py
[2025-08-30T15:54:23.056+0000] {logging_mixin.py:188} INFO - [2025-08-30T15:54:23.056+0000] {dag.py:3089} INFO - Sync 1 DAGs
[2025-08-30T15:54:23.077+0000] {logging_mixin.py:188} INFO - [2025-08-30T15:54:23.077+0000] {dag.py:3947} INFO - Setting next_dagrun for ml_pipeline_dag to 2025-08-23 16:00:00+00:00, run_after=2025-08-30 16:00:00+00:00
[2025-08-30T15:54:23.127+0000] {processor.py:183} INFO - Processing /opt/airflow/dags/ml_pipeline_dag.py took 0.132 seconds
[2025-08-30T15:54:54.234+0000] {processor.py:161} INFO - Started process (PID=41298) to work on /opt/airflow/dags/ml_pipeline_dag.py
[2025-08-30T15:54:54.235+0000] {processor.py:830} INFO - Processing file /opt/airflow/dags/ml_pipeline_dag.py for tasks to queue
[2025-08-30T15:54:54.237+0000] {logging_mixin.py:188} INFO - [2025-08-30T15:54:54.237+0000] {dagbag.py:545} INFO - Filling up the DagBag from /opt/airflow/dags/ml_pipeline_dag.py
[2025-08-30T15:54:54.266+0000] {processor.py:840} INFO - DAG(s) 'ml_pipeline_dag' retrieved from /opt/airflow/dags/ml_pipeline_dag.py
[2025-08-30T15:54:54.319+0000] {logging_mixin.py:188} INFO - [2025-08-30T15:54:54.319+0000] {dag.py:3089} INFO - Sync 1 DAGs
[2025-08-30T15:54:54.353+0000] {logging_mixin.py:188} INFO - [2025-08-30T15:54:54.353+0000] {dag.py:3947} INFO - Setting next_dagrun for ml_pipeline_dag to 2025-08-23 16:00:00+00:00, run_after=2025-08-30 16:00:00+00:00
[2025-08-30T15:54:54.420+0000] {processor.py:183} INFO - Processing /opt/airflow/dags/ml_pipeline_dag.py took 0.199 seconds
[2025-08-30T15:55:25.276+0000] {processor.py:161} INFO - Started process (PID=41299) to work on /opt/airflow/dags/ml_pipeline_dag.py
[2025-08-30T15:55:25.277+0000] {processor.py:830} INFO - Processing file /opt/airflow/dags/ml_pipeline_dag.py for tasks to queue
[2025-08-30T15:55:25.278+0000] {logging_mixin.py:188} INFO - [2025-08-30T15:55:25.278+0000] {dagbag.py:545} INFO - Filling up the DagBag from /opt/airflow/dags/ml_pipeline_dag.py
[2025-08-30T15:55:25.299+0000] {processor.py:840} INFO - DAG(s) 'ml_pipeline_dag' retrieved from /opt/airflow/dags/ml_pipeline_dag.py
[2025-08-30T15:55:25.326+0000] {logging_mixin.py:188} INFO - [2025-08-30T15:55:25.325+0000] {dag.py:3089} INFO - Sync 1 DAGs
[2025-08-30T15:55:25.347+0000] {logging_mixin.py:188} INFO - [2025-08-30T15:55:25.347+0000] {dag.py:3947} INFO - Setting next_dagrun for ml_pipeline_dag to 2025-08-23 16:00:00+00:00, run_after=2025-08-30 16:00:00+00:00
[2025-08-30T15:55:25.388+0000] {processor.py:183} INFO - Processing /opt/airflow/dags/ml_pipeline_dag.py took 0.117 seconds
[2025-08-30T15:55:55.551+0000] {processor.py:161} INFO - Started process (PID=41317) to work on /opt/airflow/dags/ml_pipeline_dag.py
[2025-08-30T15:55:55.552+0000] {processor.py:830} INFO - Processing file /opt/airflow/dags/ml_pipeline_dag.py for tasks to queue
[2025-08-30T15:55:55.553+0000] {logging_mixin.py:188} INFO - [2025-08-30T15:55:55.553+0000] {dagbag.py:545} INFO - Filling up the DagBag from /opt/airflow/dags/ml_pipeline_dag.py
[2025-08-30T15:55:55.577+0000] {processor.py:840} INFO - DAG(s) 'ml_pipeline_dag' retrieved from /opt/airflow/dags/ml_pipeline_dag.py
[2025-08-30T15:55:55.608+0000] {logging_mixin.py:188} INFO - [2025-08-30T15:55:55.608+0000] {dag.py:3089} INFO - Sync 1 DAGs
[2025-08-30T15:55:55.631+0000] {logging_mixin.py:188} INFO - [2025-08-30T15:55:55.630+0000] {dag.py:3947} INFO - Setting next_dagrun for ml_pipeline_dag to 2025-08-23 16:00:00+00:00, run_after=2025-08-30 16:00:00+00:00
[2025-08-30T15:55:55.682+0000] {processor.py:183} INFO - Processing /opt/airflow/dags/ml_pipeline_dag.py took 0.136 seconds
[2025-08-30T15:56:26.562+0000] {processor.py:161} INFO - Started process (PID=41318) to work on /opt/airflow/dags/ml_pipeline_dag.py
[2025-08-30T15:56:26.563+0000] {processor.py:830} INFO - Processing file /opt/airflow/dags/ml_pipeline_dag.py for tasks to queue
[2025-08-30T15:56:26.564+0000] {logging_mixin.py:188} INFO - [2025-08-30T15:56:26.563+0000] {dagbag.py:545} INFO - Filling up the DagBag from /opt/airflow/dags/ml_pipeline_dag.py
[2025-08-30T15:56:26.583+0000] {processor.py:840} INFO - DAG(s) 'ml_pipeline_dag' retrieved from /opt/airflow/dags/ml_pipeline_dag.py
[2025-08-30T15:56:26.609+0000] {logging_mixin.py:188} INFO - [2025-08-30T15:56:26.608+0000] {dag.py:3089} INFO - Sync 1 DAGs
[2025-08-30T15:56:26.630+0000] {logging_mixin.py:188} INFO - [2025-08-30T15:56:26.630+0000] {dag.py:3947} INFO - Setting next_dagrun for ml_pipeline_dag to 2025-08-23 16:00:00+00:00, run_after=2025-08-30 16:00:00+00:00
[2025-08-30T15:56:26.667+0000] {processor.py:183} INFO - Processing /opt/airflow/dags/ml_pipeline_dag.py took 0.110 seconds
[2025-08-30T15:56:58.648+0000] {processor.py:161} INFO - Started process (PID=41319) to work on /opt/airflow/dags/ml_pipeline_dag.py
[2025-08-30T15:56:58.649+0000] {processor.py:830} INFO - Processing file /opt/airflow/dags/ml_pipeline_dag.py for tasks to queue
[2025-08-30T15:56:58.650+0000] {logging_mixin.py:188} INFO - [2025-08-30T15:56:58.650+0000] {dagbag.py:545} INFO - Filling up the DagBag from /opt/airflow/dags/ml_pipeline_dag.py
[2025-08-30T15:56:58.669+0000] {processor.py:840} INFO - DAG(s) 'ml_pipeline_dag' retrieved from /opt/airflow/dags/ml_pipeline_dag.py
[2025-08-30T15:56:58.702+0000] {logging_mixin.py:188} INFO - [2025-08-30T15:56:58.702+0000] {dag.py:3089} INFO - Sync 1 DAGs
[2025-08-30T15:56:58.725+0000] {logging_mixin.py:188} INFO - [2025-08-30T15:56:58.725+0000] {dag.py:3947} INFO - Setting next_dagrun for ml_pipeline_dag to 2025-08-23 16:00:00+00:00, run_after=2025-08-30 16:00:00+00:00
[2025-08-30T15:56:58.776+0000] {processor.py:183} INFO - Processing /opt/airflow/dags/ml_pipeline_dag.py took 0.134 seconds
[2025-08-30T15:57:12.300+0000] {processor.py:161} INFO - Started process (PID=41320) to work on /opt/airflow/dags/ml_pipeline_dag.py
[2025-08-30T15:57:12.302+0000] {processor.py:830} INFO - Processing file /opt/airflow/dags/ml_pipeline_dag.py for tasks to queue
[2025-08-30T15:57:12.302+0000] {logging_mixin.py:188} INFO - [2025-08-30T15:57:12.302+0000] {dagbag.py:545} INFO - Filling up the DagBag from /opt/airflow/dags/ml_pipeline_dag.py
[2025-08-30T15:57:12.339+0000] {processor.py:840} INFO - DAG(s) 'ml_pipeline_dag' retrieved from /opt/airflow/dags/ml_pipeline_dag.py
[2025-08-30T15:57:12.369+0000] {logging_mixin.py:188} INFO - [2025-08-30T15:57:12.369+0000] {dag.py:3089} INFO - Sync 1 DAGs
[2025-08-30T15:57:12.388+0000] {logging_mixin.py:188} INFO - [2025-08-30T15:57:12.388+0000] {dag.py:3947} INFO - Setting next_dagrun for ml_pipeline_dag to 2025-08-23 16:00:00+00:00, run_after=2025-08-30 16:00:00+00:00
[2025-08-30T15:57:12.451+0000] {processor.py:183} INFO - Processing /opt/airflow/dags/ml_pipeline_dag.py took 0.156 seconds
[2025-08-30T15:57:34.285+0000] {processor.py:161} INFO - Started process (PID=41321) to work on /opt/airflow/dags/ml_pipeline_dag.py
[2025-08-30T15:57:34.286+0000] {processor.py:830} INFO - Processing file /opt/airflow/dags/ml_pipeline_dag.py for tasks to queue
[2025-08-30T15:57:34.288+0000] {logging_mixin.py:188} INFO - [2025-08-30T15:57:34.287+0000] {dagbag.py:545} INFO - Filling up the DagBag from /opt/airflow/dags/ml_pipeline_dag.py
[2025-08-30T15:57:34.321+0000] {processor.py:840} INFO - DAG(s) 'ml_pipeline_dag' retrieved from /opt/airflow/dags/ml_pipeline_dag.py
[2025-08-30T15:57:34.351+0000] {logging_mixin.py:188} INFO - [2025-08-30T15:57:34.351+0000] {dag.py:3089} INFO - Sync 1 DAGs
[2025-08-30T15:57:34.371+0000] {logging_mixin.py:188} INFO - [2025-08-30T15:57:34.371+0000] {dag.py:3947} INFO - Setting next_dagrun for ml_pipeline_dag to 2025-08-23 16:00:00+00:00, run_after=2025-08-30 16:00:00+00:00
[2025-08-30T15:57:34.426+0000] {processor.py:183} INFO - Processing /opt/airflow/dags/ml_pipeline_dag.py took 0.146 seconds
[2025-08-30T15:58:04.649+0000] {processor.py:161} INFO - Started process (PID=41322) to work on /opt/airflow/dags/ml_pipeline_dag.py
[2025-08-30T15:58:04.650+0000] {processor.py:830} INFO - Processing file /opt/airflow/dags/ml_pipeline_dag.py for tasks to queue
[2025-08-30T15:58:04.651+0000] {logging_mixin.py:188} INFO - [2025-08-30T15:58:04.651+0000] {dagbag.py:545} INFO - Filling up the DagBag from /opt/airflow/dags/ml_pipeline_dag.py
[2025-08-30T15:58:04.676+0000] {processor.py:840} INFO - DAG(s) 'ml_pipeline_dag' retrieved from /opt/airflow/dags/ml_pipeline_dag.py
[2025-08-30T15:58:04.703+0000] {logging_mixin.py:188} INFO - [2025-08-30T15:58:04.703+0000] {dag.py:3089} INFO - Sync 1 DAGs
[2025-08-30T15:58:04.723+0000] {logging_mixin.py:188} INFO - [2025-08-30T15:58:04.723+0000] {dag.py:3947} INFO - Setting next_dagrun for ml_pipeline_dag to 2025-08-23 16:00:00+00:00, run_after=2025-08-30 16:00:00+00:00
[2025-08-30T15:58:04.762+0000] {processor.py:183} INFO - Processing /opt/airflow/dags/ml_pipeline_dag.py took 0.117 seconds
[2025-08-30T15:58:36.508+0000] {processor.py:161} INFO - Started process (PID=41323) to work on /opt/airflow/dags/ml_pipeline_dag.py
[2025-08-30T15:58:36.509+0000] {processor.py:830} INFO - Processing file /opt/airflow/dags/ml_pipeline_dag.py for tasks to queue
[2025-08-30T15:58:36.510+0000] {logging_mixin.py:188} INFO - [2025-08-30T15:58:36.510+0000] {dagbag.py:545} INFO - Filling up the DagBag from /opt/airflow/dags/ml_pipeline_dag.py
[2025-08-30T15:58:36.522+0000] {processor.py:840} INFO - DAG(s) 'ml_pipeline_dag' retrieved from /opt/airflow/dags/ml_pipeline_dag.py
[2025-08-30T15:58:36.548+0000] {logging_mixin.py:188} INFO - [2025-08-30T15:58:36.548+0000] {dag.py:3089} INFO - Sync 1 DAGs
[2025-08-30T15:58:36.567+0000] {logging_mixin.py:188} INFO - [2025-08-30T15:58:36.567+0000] {dag.py:3947} INFO - Setting next_dagrun for ml_pipeline_dag to 2025-08-23 16:00:00+00:00, run_after=2025-08-30 16:00:00+00:00
[2025-08-30T15:58:36.604+0000] {processor.py:183} INFO - Processing /opt/airflow/dags/ml_pipeline_dag.py took 0.100 seconds
[2025-08-30T15:59:08.740+0000] {processor.py:161} INFO - Started process (PID=41324) to work on /opt/airflow/dags/ml_pipeline_dag.py
[2025-08-30T15:59:08.742+0000] {processor.py:830} INFO - Processing file /opt/airflow/dags/ml_pipeline_dag.py for tasks to queue
[2025-08-30T15:59:08.743+0000] {logging_mixin.py:188} INFO - [2025-08-30T15:59:08.742+0000] {dagbag.py:545} INFO - Filling up the DagBag from /opt/airflow/dags/ml_pipeline_dag.py
[2025-08-30T15:59:08.759+0000] {processor.py:840} INFO - DAG(s) 'ml_pipeline_dag' retrieved from /opt/airflow/dags/ml_pipeline_dag.py
[2025-08-30T15:59:08.790+0000] {logging_mixin.py:188} INFO - [2025-08-30T15:59:08.790+0000] {dag.py:3089} INFO - Sync 1 DAGs
[2025-08-30T15:59:08.810+0000] {logging_mixin.py:188} INFO - [2025-08-30T15:59:08.810+0000] {dag.py:3947} INFO - Setting next_dagrun for ml_pipeline_dag to 2025-08-23 16:00:00+00:00, run_after=2025-08-30 16:00:00+00:00
[2025-08-30T15:59:08.852+0000] {processor.py:183} INFO - Processing /opt/airflow/dags/ml_pipeline_dag.py took 0.116 seconds
[2025-08-30T15:59:41.860+0000] {processor.py:161} INFO - Started process (PID=41325) to work on /opt/airflow/dags/ml_pipeline_dag.py
[2025-08-30T15:59:41.861+0000] {processor.py:830} INFO - Processing file /opt/airflow/dags/ml_pipeline_dag.py for tasks to queue
[2025-08-30T15:59:41.862+0000] {logging_mixin.py:188} INFO - [2025-08-30T15:59:41.861+0000] {dagbag.py:545} INFO - Filling up the DagBag from /opt/airflow/dags/ml_pipeline_dag.py
[2025-08-30T15:59:41.877+0000] {processor.py:840} INFO - DAG(s) 'ml_pipeline_dag' retrieved from /opt/airflow/dags/ml_pipeline_dag.py
[2025-08-30T15:59:41.905+0000] {logging_mixin.py:188} INFO - [2025-08-30T15:59:41.905+0000] {dag.py:3089} INFO - Sync 1 DAGs
[2025-08-30T15:59:41.927+0000] {logging_mixin.py:188} INFO - [2025-08-30T15:59:41.927+0000] {dag.py:3947} INFO - Setting next_dagrun for ml_pipeline_dag to 2025-08-23 16:00:00+00:00, run_after=2025-08-30 16:00:00+00:00
[2025-08-30T15:59:41.974+0000] {processor.py:183} INFO - Processing /opt/airflow/dags/ml_pipeline_dag.py took 0.118 seconds
